user_id,age,gender,platform,daily_usage_time_minutes,posts_per_day,likes_received_per_day,comments_received_per_day,messages_sent_per_day,dominant_emotion,data_split,is_instagram,active_interaction_proxy
1,25.0,Female,Instagram,120.0,3.0,45.0,10.0,12.0,Happiness,train,True,15.0
2,30.0,Male,Twitter,90.0,5.0,20.0,25.0,30.0,Anger,train,False,35.0
3,22.0,Non-binary,Facebook,60.0,2.0,15.0,5.0,20.0,Neutral,train,False,22.0
4,28.0,Female,Instagram,200.0,8.0,100.0,30.0,50.0,Anxiety,train,True,58.0
5,33.0,Male,LinkedIn,45.0,1.0,5.0,2.0,10.0,Boredom,train,False,11.0
6,21.0,Male,Instagram,150.0,4.0,60.0,15.0,25.0,Happiness,train,True,29.0
7,27.0,Female,Twitter,85.0,3.0,30.0,10.0,18.0,Anger,train,False,21.0
8,24.0,Non-binary,Facebook,110.0,6.0,25.0,12.0,22.0,Sadness,train,False,28.0
9,29.0,Female,LinkedIn,55.0,2.0,10.0,3.0,8.0,Neutral,train,False,10.0
10,31.0,Male,Instagram,170.0,5.0,80.0,20.0,35.0,Happiness,train,True,40.0
11,23.0,Female,Twitter,75.0,4.0,35.0,7.0,20.0,Anxiety,train,False,24.0
12,26.0,Non-binary,Facebook,95.0,3.0,20.0,10.0,18.0,Sadness,train,False,21.0
13,34.0,Male,LinkedIn,65.0,1.0,12.0,4.0,15.0,Boredom,train,False,16.0
14,22.0,Female,Instagram,180.0,7.0,90.0,25.0,40.0,Happiness,train,True,47.0
15,28.0,Male,Twitter,100.0,6.0,40.0,23.0,28.0,Anger,train,False,34.0
16,21.0,Non-binary,Facebook,40.0,1.0,5.0,2.0,10.0,Neutral,train,False,11.0
17,35.0,Female,Instagram,125.0,4.0,55.0,18.0,30.0,Anxiety,train,True,34.0
18,27.0,Male,Twitter,90.0,3.0,33.0,15.0,25.0,Sadness,train,False,28.0
19,23.0,Non-binary,LinkedIn,50.0,1.0,8.0,3.0,12.0,Neutral,train,False,13.0
20,32.0,Female,Instagram,140.0,5.0,70.0,22.0,33.0,Happiness,train,True,38.0
21,26.0,Male,Facebook,75.0,2.0,25.0,10.0,18.0,Anxiety,train,False,20.0
22,24.0,Female,Twitter,105.0,4.0,28.0,14.0,20.0,Anger,train,False,24.0
23,29.0,Male,LinkedIn,60.0,2.0,11.0,5.0,17.0,Boredom,train,False,19.0
24,33.0,Non-binary,Instagram,190.0,8.0,95.0,26.0,45.0,Happiness,train,True,53.0
25,22.0,Female,Twitter,70.0,3.0,20.0,12.0,15.0,Sadness,train,False,18.0
26,31.0,Male,Facebook,80.0,2.0,18.0,8.0,21.0,Neutral,train,False,23.0
27,27.0,Non-binary,LinkedIn,55.0,1.0,9.0,2.0,11.0,Anxiety,train,False,12.0
28,25.0,Female,Instagram,160.0,6.0,85.0,19.0,32.0,Happiness,train,True,38.0
29,30.0,Male,Twitter,90.0,4.0,38.0,17.0,24.0,Anger,train,False,28.0
30,26.0,Non-binary,Facebook,45.0,1.0,6.0,3.0,10.0,Sadness,train,False,11.0
31,34.0,Female,LinkedIn,65.0,2.0,13.0,4.0,14.0,Boredom,train,False,16.0
32,28.0,Male,Instagram,145.0,5.0,75.0,20.0,35.0,Happiness,train,True,40.0
33,23.0,Non-binary,Twitter,70.0,3.0,27.0,11.0,18.0,Neutral,train,False,21.0
34,21.0,Female,Instagram,130.0,6.0,88.0,15.0,30.0,Sadness,train,True,36.0
35,29.0,Male,Facebook,65.0,2.0,22.0,8.0,20.0,Anxiety,train,False,22.0
36,24.0,Non-binary,LinkedIn,55.0,1.0,10.0,5.0,11.0,Boredom,train,False,12.0
37,33.0,Female,Instagram,170.0,7.0,90.0,25.0,40.0,Happiness,train,True,47.0
38,27.0,Male,Twitter,85.0,4.0,35.0,15.0,20.0,Anger,train,False,24.0
39,22.0,Female,Instagram,115.0,3.0,55.0,12.0,25.0,Neutral,train,True,28.0
40,28.0,Non-binary,Facebook,100.0,2.0,18.0,10.0,22.0,Anxiety,train,False,24.0
41,31.0,Male,LinkedIn,45.0,1.0,6.0,2.0,9.0,Sadness,train,False,10.0
42,25.0,Female,Instagram,150.0,6.0,80.0,18.0,30.0,Happiness,train,True,36.0
43,29.0,Male,Twitter,95.0,4.0,40.0,20.0,22.0,Anger,train,False,26.0
44,23.0,Non-binary,Facebook,105.0,2.0,20.0,8.0,18.0,Neutral,train,False,20.0
45,35.0,Female,LinkedIn,60.0,1.0,12.0,5.0,14.0,Boredom,train,False,15.0
46,30.0,Male,Instagram,175.0,7.0,85.0,23.0,38.0,Happiness,train,True,45.0
47,21.0,Female,Twitter,90.0,3.0,33.0,12.0,20.0,Sadness,train,False,23.0
48,26.0,Non-binary,Facebook,75.0,2.0,28.0,11.0,18.0,Anxiety,train,False,20.0
49,32.0,Male,Instagram,130.0,5.0,70.0,19.0,31.0,Neutral,train,True,36.0
50,28.0,Female,LinkedIn,55.0,1.0,8.0,4.0,10.0,Boredom,train,False,11.0
51,27.0,Male,Instagram,165.0,6.0,78.0,22.0,27.0,Happiness,train,True,33.0
52,24.0,Female,Twitter,75.0,3.0,29.0,15.0,19.0,Anger,train,False,22.0
53,29.0,Non-binary,Facebook,85.0,2.0,25.0,7.0,20.0,Neutral,train,False,22.0
54,33.0,Female,Instagram,145.0,4.0,60.0,18.0,35.0,Sadness,train,True,39.0
55,31.0,Male,LinkedIn,60.0,1.0,10.0,3.0,17.0,Anxiety,train,False,18.0
56,22.0,Female,Whatsapp,70.0,2.0,40.0,8.0,21.0,Anxiety,train,False,23.0
57,25.0,Male,Telegram,90.0,3.0,20.0,10.0,22.0,Boredom,train,False,25.0
58,29.0,Non-binary,Snapchat,50.0,2.0,15.0,5.0,18.0,Sadness,train,False,20.0
59,28.0,Female,Twitter,95.0,4.0,45.0,20.0,25.0,Happiness,train,False,29.0
60,27.0,Male,Facebook,60.0,1.0,10.0,4.0,15.0,Boredom,train,False,16.0
61,30.0,Female,Instagram,175.0,6.0,70.0,23.0,33.0,Happiness,train,True,39.0
62,23.0,Male,Whatsapp,70.0,3.0,20.0,8.0,18.0,Anger,train,False,21.0
63,34.0,Non-binary,Telegram,80.0,2.0,18.0,7.0,20.0,Neutral,train,False,22.0
64,26.0,Female,Snapchat,120.0,4.0,50.0,15.0,30.0,Anxiety,train,False,34.0
65,25.0,Male,Twitter,90.0,6.0,40.0,12.0,26.0,Sadness,train,False,32.0
66,29.0,Non-binary,Facebook,60.0,1.0,8.0,2.0,12.0,Boredom,train,False,13.0
67,28.0,Male,Instagram,165.0,5.0,75.0,18.0,35.0,Happiness,train,True,40.0
68,31.0,Female,Whatsapp,65.0,2.0,25.0,8.0,20.0,Neutral,train,False,22.0
69,27.0,Male,Telegram,105.0,3.0,45.0,15.0,28.0,Anxiety,train,False,31.0
70,22.0,Non-binary,Snapchat,75.0,2.0,18.0,6.0,20.0,Sadness,train,False,22.0
71,24.0,Female,Instagram,140.0,4.0,60.0,18.0,30.0,Happiness,train,True,34.0
72,35.0,Male,Twitter,70.0,1.0,12.0,7.0,10.0,Boredom,train,False,11.0
73,21.0,Non-binary,Facebook,55.0,3.0,15.0,5.0,12.0,Neutral,train,False,15.0
74,29.0,Female,Whatsapp,90.0,2.0,20.0,9.0,22.0,Anger,train,False,24.0
75,25.0,Male,Telegram,80.0,4.0,28.0,11.0,25.0,Neutral,train,False,29.0
76,28.0,Non-binary,Snapchat,115.0,3.0,36.0,12.0,27.0,Anxiety,train,False,30.0
77,32.0,Female,Instagram,155.0,6.0,72.0,20.0,38.0,Happiness,train,True,44.0
78,26.0,Male,Twitter,75.0,2.0,22.0,10.0,18.0,Sadness,train,False,20.0
79,33.0,Non-binary,Facebook,65.0,1.0,12.0,5.0,14.0,Anxiety,train,False,15.0
80,27.0,Female,Whatsapp,90.0,4.0,35.0,14.0,20.0,Neutral,train,False,24.0
81,31.0,Male,Telegram,50.0,2.0,18.0,6.0,12.0,Sadness,train,False,14.0
82,24.0,Non-binary,Snapchat,85.0,3.0,30.0,13.0,18.0,Happiness,train,False,21.0
83,34.0,Female,Instagram,120.0,5.0,55.0,19.0,25.0,Anger,train,True,30.0
84,22.0,Male,Twitter,70.0,1.0,20.0,5.0,22.0,Neutral,train,False,23.0
85,29.0,Non-binary,Facebook,75.0,2.0,18.0,8.0,20.0,Boredom,train,False,22.0
86,28.0,Female,Whatsapp,100.0,4.0,35.0,12.0,26.0,Anxiety,train,False,30.0
87,31.0,Male,Telegram,85.0,3.0,40.0,15.0,28.0,Sadness,train,False,31.0
88,21.0,Non-binary,Snapchat,60.0,1.0,15.0,5.0,12.0,Neutral,train,False,13.0
89,25.0,Female,Instagram,170.0,6.0,78.0,22.0,33.0,Happiness,train,True,39.0
90,30.0,Male,Twitter,70.0,2.0,28.0,10.0,20.0,Anxiety,train,False,22.0
91,27.0,Non-binary,Facebook,50.0,1.0,8.0,2.0,10.0,Boredom,train,False,11.0
92,32.0,Female,Whatsapp,105.0,4.0,50.0,18.0,25.0,Anger,train,False,29.0
93,24.0,Male,Telegram,75.0,3.0,33.0,13.0,22.0,Neutral,train,False,25.0
94,29.0,Female,Snapchat,95.0,2.0,20.0,7.0,28.0,Sadness,train,False,30.0
95,26.0,Male,Instagram,150.0,5.0,65.0,20.0,30.0,Anxiety,train,True,35.0
96,33.0,Non-binary,Twitter,85.0,4.0,30.0,13.0,18.0,Boredom,train,False,22.0
97,22.0,Female,Facebook,70.0,1.0,12.0,5.0,10.0,Neutral,train,False,11.0
98,35.0,Male,Whatsapp,110.0,3.0,45.0,20.0,25.0,Happiness,train,False,28.0
99,28.0,Non-binary,Telegram,60.0,2.0,15.0,6.0,18.0,Anger,train,False,20.0
100,27.0,Female,Snapchat,120.0,4.0,38.0,13.0,22.0,Neutral,train,False,26.0
101,25.0,Female,Instagram,120.0,5.0,50.0,20.0,25.0,Happiness,train,True,30.0
102,30.0,Male,Twitter,90.0,4.0,30.0,20.0,22.0,Anger,train,False,26.0
103,22.0,Non-binary,Facebook,60.0,2.0,20.0,10.0,15.0,Neutral,train,False,17.0
104,28.0,Female,Instagram,200.0,8.0,110.0,40.0,45.0,Anxiety,train,True,53.0
105,33.0,Male,LinkedIn,45.0,1.0,10.0,5.0,12.0,Boredom,train,False,13.0
106,21.0,Male,Instagram,150.0,5.0,65.0,25.0,30.0,Happiness,train,True,35.0
107,27.0,Female,Twitter,85.0,3.0,40.0,18.0,20.0,Anger,train,False,23.0
108,24.0,Non-binary,Facebook,110.0,6.0,35.0,16.0,25.0,Sadness,train,False,31.0
109,29.0,Female,LinkedIn,55.0,2.0,15.0,5.0,10.0,Neutral,train,False,12.0
110,31.0,Male,Instagram,170.0,7.0,90.0,35.0,40.0,Happiness,train,True,47.0
111,23.0,Female,Twitter,75.0,4.0,45.0,20.0,25.0,Anxiety,train,False,29.0
112,26.0,Non-binary,Facebook,95.0,3.0,30.0,14.0,18.0,Sadness,train,False,21.0
113,34.0,Male,LinkedIn,65.0,1.0,14.0,6.0,15.0,Boredom,train,False,16.0
114,22.0,Female,Instagram,180.0,8.0,100.0,38.0,45.0,Happiness,train,True,53.0
115,28.0,Male,Twitter,100.0,6.0,50.0,30.0,29.0,Anger,train,False,35.0
116,21.0,Non-binary,Facebook,40.0,1.0,10.0,4.0,12.0,Neutral,train,False,13.0
117,35.0,Female,Instagram,125.0,5.0,65.0,22.0,28.0,Anxiety,train,True,33.0
118,27.0,Male,Twitter,90.0,3.0,40.0,16.0,24.0,Sadness,train,False,27.0
119,23.0,Non-binary,LinkedIn,50.0,1.0,12.0,6.0,12.0,Neutral,train,False,13.0
120,32.0,Female,Instagram,140.0,6.0,75.0,28.0,30.0,Happiness,train,True,36.0
121,26.0,Male,Facebook,75.0,2.0,30.0,14.0,20.0,Anxiety,train,False,22.0
122,24.0,Female,Twitter,105.0,4.0,35.0,20.0,23.0,Anger,train,False,27.0
123,29.0,Male,LinkedIn,60.0,2.0,17.0,8.0,15.0,Boredom,train,False,17.0
124,33.0,Non-binary,Instagram,190.0,8.0,105.0,36.0,50.0,Happiness,train,True,58.0
125,22.0,Female,Twitter,70.0,3.0,25.0,16.0,15.0,Sadness,train,False,18.0
126,31.0,Male,Facebook,80.0,2.0,20.0,10.0,20.0,Neutral,train,False,22.0
127,27.0,Non-binary,LinkedIn,55.0,1.0,12.0,5.0,11.0,Anxiety,train,False,12.0
128,25.0,Female,Instagram,160.0,6.0,85.0,26.0,30.0,Happiness,train,True,36.0
129,30.0,Male,Twitter,90.0,4.0,43.0,19.0,24.0,Anger,train,False,28.0
130,26.0,Non-binary,Facebook,45.0,1.0,8.0,4.0,12.0,Sadness,train,False,13.0
131,34.0,Female,LinkedIn,65.0,2.0,17.0,5.0,14.0,Boredom,train,False,16.0
132,28.0,Male,Instagram,145.0,7.0,80.0,30.0,35.0,Happiness,train,True,42.0
133,23.0,Non-binary,Twitter,70.0,3.0,30.0,14.0,18.0,Neutral,train,False,21.0
134,21.0,Female,Instagram,130.0,6.0,95.0,22.0,28.0,Sadness,train,True,34.0
135,29.0,Male,Facebook,65.0,2.0,27.0,11.0,22.0,Anxiety,train,False,24.0
136,24.0,Non-binary,LinkedIn,55.0,1.0,11.0,6.0,11.0,Boredom,train,False,12.0
137,33.0,Female,Instagram,170.0,7.0,95.0,30.0,38.0,Happiness,train,True,45.0
138,27.0,Male,Twitter,85.0,4.0,45.0,18.0,24.0,Anger,train,False,28.0
139,22.0,Female,Instagram,115.0,3.0,60.0,17.0,30.0,Neutral,train,True,33.0
140,28.0,Non-binary,Facebook,100.0,2.0,22.0,12.0,25.0,Anxiety,train,False,27.0
141,31.0,Male,LinkedIn,45.0,1.0,9.0,4.0,10.0,Sadness,train,False,11.0
142,25.0,Female,Instagram,150.0,6.0,90.0,26.0,30.0,Happiness,train,True,36.0
143,29.0,Male,Twitter,95.0,4.0,50.0,22.0,22.0,Anger,train,False,26.0
144,23.0,Non-binary,Facebook,105.0,2.0,25.0,12.0,18.0,Neutral,train,False,20.0
145,35.0,Female,LinkedIn,60.0,1.0,15.0,7.0,14.0,Boredom,train,False,15.0
146,30.0,Male,Instagram,175.0,7.0,100.0,33.0,38.0,Happiness,train,True,45.0
147,21.0,Female,Twitter,90.0,3.0,37.0,14.0,20.0,Sadness,train,False,23.0
148,26.0,Non-binary,Facebook,75.0,2.0,30.0,12.0,18.0,Anxiety,train,False,20.0
149,32.0,Male,Instagram,130.0,5.0,80.0,28.0,31.0,Neutral,train,True,36.0
150,28.0,Female,LinkedIn,55.0,1.0,12.0,6.0,10.0,Boredom,train,False,11.0
151,27.0,Male,Instagram,165.0,6.0,85.0,30.0,28.0,Happiness,train,True,34.0
152,24.0,Female,Twitter,75.0,3.0,33.0,18.0,19.0,Anger,train,False,22.0
153,29.0,Non-binary,Facebook,85.0,2.0,27.0,9.0,20.0,Neutral,train,False,22.0
154,33.0,Female,Instagram,145.0,4.0,65.0,23.0,35.0,Sadness,train,True,39.0
155,31.0,Male,LinkedIn,60.0,1.0,15.0,7.0,17.0,Anxiety,train,False,18.0
156,22.0,Female,Whatsapp,70.0,2.0,42.0,10.0,21.0,Anxiety,train,False,23.0
157,25.0,Male,Telegram,90.0,3.0,22.0,11.0,22.0,Boredom,train,False,25.0
158,29.0,Non-binary,Snapchat,50.0,2.0,18.0,7.0,18.0,Sadness,train,False,20.0
159,28.0,Female,Twitter,95.0,4.0,48.0,22.0,25.0,Happiness,train,False,29.0
160,27.0,Male,Facebook,60.0,1.0,12.0,5.0,15.0,Boredom,train,False,16.0
161,30.0,Female,Instagram,175.0,6.0,72.0,30.0,33.0,Happiness,train,True,39.0
162,23.0,Male,Whatsapp,70.0,3.0,22.0,10.0,18.0,Anger,train,False,21.0
163,34.0,Non-binary,Telegram,80.0,2.0,21.0,8.0,20.0,Neutral,train,False,22.0
164,26.0,Female,Snapchat,120.0,4.0,55.0,18.0,30.0,Anxiety,train,False,34.0
165,25.0,Male,Twitter,90.0,6.0,42.0,14.0,26.0,Sadness,train,False,32.0
166,29.0,Non-binary,Facebook,60.0,1.0,12.0,4.0,12.0,Boredom,train,False,13.0
167,28.0,Male,Instagram,165.0,5.0,78.0,23.0,35.0,Happiness,train,True,40.0
168,31.0,Female,Whatsapp,65.0,2.0,27.0,10.0,20.0,Neutral,train,False,22.0
169,27.0,Male,Telegram,105.0,3.0,48.0,20.0,28.0,Anxiety,train,False,31.0
170,22.0,Non-binary,Snapchat,75.0,2.0,21.0,8.0,20.0,Sadness,train,False,22.0
171,24.0,Female,Instagram,140.0,4.0,65.0,22.0,30.0,Happiness,train,True,34.0
172,35.0,Male,Twitter,70.0,1.0,13.0,8.0,10.0,Boredom,train,False,11.0
173,21.0,Non-binary,Facebook,55.0,3.0,17.0,7.0,12.0,Neutral,train,False,15.0
174,29.0,Female,Whatsapp,90.0,2.0,24.0,12.0,22.0,Anger,train,False,24.0
175,25.0,Male,Telegram,80.0,4.0,30.0,13.0,25.0,Neutral,train,False,29.0
176,28.0,Non-binary,Snapchat,115.0,3.0,38.0,18.0,27.0,Anxiety,train,False,30.0
177,32.0,Female,Instagram,155.0,6.0,75.0,25.0,38.0,Happiness,train,True,44.0
178,26.0,Male,Twitter,75.0,2.0,23.0,12.0,18.0,Sadness,train,False,20.0
179,33.0,Non-binary,Facebook,65.0,1.0,13.0,7.0,14.0,Anxiety,train,False,15.0
180,27.0,Female,Whatsapp,90.0,4.0,37.0,18.0,20.0,Neutral,train,False,24.0
181,31.0,Male,Telegram,50.0,2.0,20.0,10.0,12.0,Sadness,train,False,14.0
182,24.0,Non-binary,Snapchat,85.0,3.0,33.0,20.0,18.0,Happiness,train,False,21.0
183,34.0,Female,Instagram,120.0,5.0,60.0,25.0,25.0,Anger,train,True,30.0
184,22.0,Male,Twitter,70.0,1.0,22.0,7.0,22.0,Neutral,train,False,23.0
185,29.0,Non-binary,Facebook,75.0,2.0,20.0,8.0,20.0,Boredom,train,False,22.0
186,28.0,Female,Whatsapp,100.0,4.0,37.0,14.0,26.0,Anxiety,train,False,30.0
187,31.0,Male,Telegram,85.0,3.0,45.0,20.0,28.0,Sadness,train,False,31.0
188,21.0,Non-binary,Snapchat,60.0,1.0,18.0,7.0,12.0,Neutral,train,False,13.0
189,25.0,Female,Instagram,170.0,6.0,83.0,30.0,33.0,Happiness,train,True,39.0
190,30.0,Male,Twitter,70.0,2.0,30.0,12.0,20.0,Anxiety,train,False,22.0
191,27.0,Non-binary,Facebook,50.0,1.0,10.0,4.0,10.0,Boredom,train,False,11.0
192,32.0,Female,Whatsapp,105.0,4.0,55.0,25.0,25.0,Anger,train,False,29.0
193,24.0,Male,Telegram,75.0,3.0,37.0,16.0,22.0,Neutral,train,False,25.0
194,29.0,Female,Snapchat,95.0,2.0,23.0,10.0,28.0,Sadness,train,False,30.0
195,26.0,Male,Instagram,150.0,5.0,70.0,25.0,30.0,Anxiety,train,True,35.0
196,33.0,Non-binary,Twitter,85.0,4.0,35.0,18.0,18.0,Boredom,train,False,22.0
197,22.0,Female,Facebook,70.0,1.0,14.0,6.0,10.0,Neutral,train,False,11.0
198,35.0,Male,Whatsapp,110.0,3.0,50.0,25.0,25.0,Happiness,train,False,28.0
199,28.0,Non-binary,Telegram,60.0,2.0,18.0,8.0,18.0,Anger,train,False,20.0
200,27.0,Female,Snapchat,120.0,4.0,40.0,18.0,22.0,Neutral,train,False,26.0
201,25.0,Female,Instagram,120.0,5.0,50.0,20.0,25.0,Happiness,train,True,30.0
202,30.0,Male,Twitter,90.0,4.0,30.0,20.0,22.0,Anger,train,False,26.0
203,22.0,Non-binary,Facebook,60.0,2.0,20.0,10.0,15.0,Neutral,train,False,17.0
204,28.0,Female,Instagram,200.0,8.0,110.0,40.0,45.0,Anxiety,train,True,53.0
205,33.0,Male,LinkedIn,45.0,1.0,10.0,5.0,12.0,Boredom,train,False,13.0
206,21.0,Male,Instagram,150.0,5.0,65.0,25.0,30.0,Happiness,train,True,35.0
207,27.0,Female,Twitter,85.0,3.0,40.0,18.0,20.0,Anger,train,False,23.0
208,24.0,Non-binary,Facebook,110.0,6.0,35.0,16.0,25.0,Sadness,train,False,31.0
209,29.0,Female,LinkedIn,55.0,2.0,15.0,5.0,10.0,Neutral,train,False,12.0
210,31.0,Male,Instagram,170.0,7.0,90.0,35.0,40.0,Happiness,train,True,47.0
211,23.0,Female,Twitter,75.0,4.0,45.0,20.0,25.0,Anxiety,train,False,29.0
212,26.0,Non-binary,Facebook,95.0,3.0,30.0,14.0,18.0,Sadness,train,False,21.0
213,34.0,Male,LinkedIn,65.0,1.0,14.0,6.0,15.0,Boredom,train,False,16.0
214,22.0,Female,Instagram,180.0,8.0,100.0,38.0,45.0,Happiness,train,True,53.0
215,28.0,Male,Twitter,100.0,6.0,50.0,30.0,29.0,Anger,train,False,35.0
216,21.0,Non-binary,Facebook,40.0,1.0,10.0,4.0,12.0,Neutral,train,False,13.0
217,35.0,Female,Instagram,125.0,5.0,65.0,22.0,28.0,Anxiety,train,True,33.0
218,27.0,Male,Twitter,90.0,3.0,40.0,16.0,24.0,Sadness,train,False,27.0
219,23.0,Non-binary,LinkedIn,50.0,1.0,12.0,6.0,12.0,Neutral,train,False,13.0
220,32.0,Female,Instagram,140.0,6.0,75.0,28.0,30.0,Happiness,train,True,36.0
221,26.0,Male,Facebook,75.0,2.0,30.0,14.0,20.0,Anxiety,train,False,22.0
222,24.0,Female,Twitter,105.0,4.0,35.0,20.0,23.0,Anger,train,False,27.0
223,29.0,Male,LinkedIn,60.0,2.0,17.0,8.0,15.0,Boredom,train,False,17.0
224,33.0,Non-binary,Instagram,190.0,8.0,105.0,36.0,50.0,Happiness,train,True,58.0
225,22.0,Female,Twitter,70.0,3.0,25.0,16.0,15.0,Sadness,train,False,18.0
226,31.0,Male,Facebook,80.0,2.0,20.0,10.0,20.0,Neutral,train,False,22.0
227,27.0,Non-binary,LinkedIn,55.0,1.0,12.0,5.0,11.0,Anxiety,train,False,12.0
228,25.0,Female,Instagram,160.0,6.0,85.0,26.0,30.0,Happiness,train,True,36.0
229,30.0,Male,Twitter,90.0,4.0,43.0,19.0,24.0,Anger,train,False,28.0
230,26.0,Non-binary,Facebook,45.0,1.0,8.0,4.0,12.0,Sadness,train,False,13.0
231,34.0,Female,LinkedIn,65.0,2.0,17.0,5.0,14.0,Boredom,train,False,16.0
232,28.0,Male,Instagram,145.0,7.0,80.0,30.0,35.0,Happiness,train,True,42.0
233,23.0,Non-binary,Twitter,70.0,3.0,30.0,14.0,18.0,Neutral,train,False,21.0
234,21.0,Female,Instagram,130.0,6.0,95.0,22.0,28.0,Sadness,train,True,34.0
235,29.0,Male,Facebook,65.0,2.0,27.0,11.0,22.0,Anxiety,train,False,24.0
236,24.0,Non-binary,LinkedIn,55.0,1.0,11.0,6.0,11.0,Boredom,train,False,12.0
237,33.0,Female,Instagram,170.0,7.0,95.0,30.0,38.0,Happiness,train,True,45.0
238,27.0,Male,Twitter,85.0,4.0,45.0,18.0,24.0,Anger,train,False,28.0
239,22.0,Female,Instagram,115.0,3.0,60.0,17.0,30.0,Neutral,train,True,33.0
240,28.0,Non-binary,Facebook,100.0,2.0,22.0,12.0,25.0,Anxiety,train,False,27.0
241,31.0,Male,LinkedIn,45.0,1.0,9.0,4.0,10.0,Sadness,train,False,11.0
242,25.0,Female,Instagram,150.0,6.0,90.0,26.0,30.0,Happiness,train,True,36.0
243,29.0,Male,Twitter,95.0,4.0,50.0,22.0,22.0,Anger,train,False,26.0
244,23.0,Non-binary,Facebook,105.0,2.0,25.0,12.0,18.0,Neutral,train,False,20.0
245,35.0,Female,LinkedIn,60.0,1.0,15.0,7.0,14.0,Boredom,train,False,15.0
246,30.0,Male,Instagram,175.0,7.0,100.0,33.0,38.0,Happiness,train,True,45.0
247,21.0,Female,Twitter,90.0,3.0,37.0,14.0,20.0,Sadness,train,False,23.0
248,26.0,Non-binary,Facebook,75.0,2.0,30.0,12.0,18.0,Anxiety,train,False,20.0
249,32.0,Male,Instagram,130.0,5.0,80.0,28.0,31.0,Neutral,train,True,36.0
250,28.0,Female,LinkedIn,55.0,1.0,12.0,6.0,10.0,Boredom,train,False,11.0
289,25.0,Female,Instagram,170.0,6.0,83.0,30.0,33.0,Happiness,train,True,39.0
290,30.0,Male,Twitter,70.0,2.0,30.0,12.0,20.0,Anxiety,train,False,22.0
291,27.0,Non-binary,Facebook,50.0,1.0,10.0,4.0,10.0,Boredom,train,False,11.0
292,32.0,Female,Whatsapp,105.0,4.0,55.0,25.0,25.0,Anger,train,False,29.0
293,24.0,Male,Telegram,75.0,3.0,37.0,16.0,22.0,Neutral,train,False,25.0
294,29.0,Female,Snapchat,95.0,2.0,23.0,10.0,28.0,Sadness,train,False,30.0
295,26.0,Male,Instagram,150.0,5.0,70.0,25.0,30.0,Anxiety,train,True,35.0
296,33.0,Non-binary,Twitter,85.0,4.0,35.0,18.0,18.0,Boredom,train,False,22.0
297,22.0,Female,Facebook,70.0,1.0,14.0,6.0,10.0,Neutral,train,False,11.0
298,35.0,Male,Whatsapp,110.0,3.0,50.0,25.0,25.0,Happiness,train,False,28.0
299,28.0,Non-binary,Telegram,60.0,2.0,18.0,8.0,18.0,Anger,train,False,20.0
300,27.0,Female,Snapchat,120.0,4.0,40.0,18.0,22.0,Neutral,train,False,26.0
301,25.0,Female,Instagram,120.0,5.0,50.0,20.0,25.0,Happiness,train,True,30.0
302,30.0,Male,Twitter,90.0,4.0,30.0,20.0,22.0,Anger,train,False,26.0
303,22.0,Non-binary,Facebook,60.0,2.0,20.0,10.0,15.0,Neutral,train,False,17.0
304,28.0,Female,Instagram,200.0,8.0,110.0,40.0,45.0,Anxiety,train,True,53.0
305,33.0,Male,LinkedIn,45.0,1.0,10.0,5.0,12.0,Boredom,train,False,13.0
306,21.0,Male,Instagram,150.0,5.0,65.0,25.0,30.0,Happiness,train,True,35.0
307,27.0,Female,Twitter,85.0,3.0,40.0,18.0,20.0,Anger,train,False,23.0
308,24.0,Non-binary,Facebook,110.0,6.0,35.0,16.0,25.0,Sadness,train,False,31.0
309,29.0,Female,LinkedIn,55.0,2.0,15.0,5.0,10.0,Neutral,train,False,12.0
310,31.0,Male,Instagram,170.0,7.0,90.0,35.0,40.0,Happiness,train,True,47.0
311,23.0,Female,Twitter,75.0,4.0,45.0,20.0,25.0,Anxiety,train,False,29.0
312,26.0,Non-binary,Facebook,95.0,3.0,30.0,14.0,18.0,Sadness,train,False,21.0
313,34.0,Male,LinkedIn,65.0,1.0,14.0,6.0,15.0,Boredom,train,False,16.0
314,22.0,Female,Instagram,180.0,8.0,100.0,38.0,45.0,Happiness,train,True,53.0
315,28.0,Male,Twitter,100.0,6.0,50.0,30.0,29.0,Anger,train,False,35.0
316,21.0,Non-binary,Facebook,40.0,1.0,10.0,4.0,12.0,Neutral,train,False,13.0
317,35.0,Female,Instagram,125.0,5.0,65.0,22.0,28.0,Anxiety,train,True,33.0
318,27.0,Male,Twitter,90.0,3.0,40.0,16.0,24.0,Sadness,train,False,27.0
319,23.0,Non-binary,LinkedIn,50.0,1.0,12.0,6.0,12.0,Neutral,train,False,13.0
320,32.0,Female,Instagram,140.0,6.0,75.0,28.0,30.0,Happiness,train,True,36.0
321,26.0,Male,Facebook,75.0,2.0,30.0,14.0,20.0,Anxiety,train,False,22.0
322,24.0,Female,Twitter,105.0,4.0,35.0,20.0,23.0,Anger,train,False,27.0
323,29.0,Male,LinkedIn,60.0,2.0,17.0,8.0,15.0,Boredom,train,False,17.0
324,33.0,Non-binary,Instagram,190.0,8.0,105.0,36.0,50.0,Happiness,train,True,58.0
325,22.0,Female,Twitter,70.0,3.0,25.0,16.0,15.0,Sadness,train,False,18.0
326,31.0,Male,Facebook,80.0,2.0,20.0,10.0,20.0,Neutral,train,False,22.0
327,27.0,Non-binary,LinkedIn,55.0,1.0,12.0,5.0,11.0,Anxiety,train,False,12.0
328,25.0,Female,Instagram,160.0,6.0,85.0,26.0,30.0,Happiness,train,True,36.0
329,30.0,Male,Twitter,90.0,4.0,43.0,19.0,24.0,Anger,train,False,28.0
330,26.0,Non-binary,Facebook,45.0,1.0,8.0,4.0,12.0,Sadness,train,False,13.0
331,34.0,Female,LinkedIn,65.0,2.0,17.0,5.0,14.0,Boredom,train,False,16.0
332,28.0,Male,Instagram,145.0,7.0,80.0,30.0,35.0,Happiness,train,True,42.0
333,23.0,Non-binary,Twitter,70.0,3.0,30.0,14.0,18.0,Neutral,train,False,21.0
334,21.0,Female,Instagram,130.0,6.0,95.0,22.0,28.0,Sadness,train,True,34.0
335,29.0,Male,Facebook,65.0,2.0,27.0,11.0,22.0,Anxiety,train,False,24.0
336,24.0,Non-binary,LinkedIn,55.0,1.0,11.0,6.0,11.0,Boredom,train,False,12.0
337,33.0,Female,Instagram,170.0,7.0,95.0,30.0,38.0,Happiness,train,True,45.0
338,27.0,Male,Twitter,85.0,4.0,45.0,18.0,24.0,Anger,train,False,28.0
339,22.0,Female,Instagram,115.0,3.0,60.0,17.0,30.0,Neutral,train,True,33.0
340,28.0,Non-binary,Facebook,100.0,2.0,22.0,12.0,25.0,Anxiety,train,False,27.0
341,31.0,Male,LinkedIn,45.0,1.0,9.0,4.0,10.0,Sadness,train,False,11.0
342,25.0,Female,Instagram,150.0,6.0,90.0,26.0,30.0,Happiness,train,True,36.0
343,29.0,Male,Twitter,95.0,4.0,50.0,22.0,22.0,Anger,train,False,26.0
344,23.0,Non-binary,Facebook,105.0,2.0,25.0,12.0,18.0,Neutral,train,False,20.0
345,35.0,Female,LinkedIn,60.0,1.0,15.0,7.0,14.0,Boredom,train,False,15.0
346,30.0,Male,Instagram,175.0,7.0,100.0,33.0,38.0,Happiness,train,True,45.0
347,21.0,Female,Twitter,90.0,3.0,37.0,14.0,20.0,Sadness,train,False,23.0
348,26.0,Non-binary,Facebook,75.0,2.0,30.0,12.0,18.0,Anxiety,train,False,20.0
349,32.0,Male,Instagram,130.0,5.0,80.0,28.0,31.0,Neutral,train,True,36.0
350,28.0,Female,LinkedIn,55.0,1.0,12.0,6.0,10.0,Boredom,train,False,11.0
351,27.0,Male,Instagram,165.0,6.0,85.0,30.0,28.0,Happiness,train,True,34.0
352,24.0,Female,Twitter,75.0,3.0,33.0,18.0,19.0,Anger,train,False,22.0
353,29.0,Non-binary,Facebook,85.0,2.0,27.0,9.0,20.0,Neutral,train,False,22.0
354,33.0,Female,Instagram,145.0,4.0,65.0,23.0,35.0,Sadness,train,True,39.0
355,31.0,Male,LinkedIn,60.0,1.0,15.0,7.0,17.0,Anxiety,train,False,18.0
356,22.0,Female,Whatsapp,70.0,2.0,42.0,10.0,21.0,Anxiety,train,False,23.0
357,25.0,Male,Telegram,90.0,3.0,22.0,11.0,22.0,Boredom,train,False,25.0
358,29.0,Non-binary,Snapchat,50.0,2.0,18.0,7.0,18.0,Sadness,train,False,20.0
359,28.0,Female,Twitter,95.0,4.0,48.0,22.0,25.0,Happiness,train,False,29.0
360,27.0,Male,Facebook,60.0,1.0,12.0,5.0,15.0,Boredom,train,False,16.0
361,30.0,Female,Instagram,175.0,6.0,72.0,30.0,33.0,Happiness,train,True,39.0
362,23.0,Male,Whatsapp,70.0,3.0,22.0,10.0,18.0,Anger,train,False,21.0
363,34.0,Non-binary,Telegram,80.0,2.0,21.0,8.0,20.0,Neutral,train,False,22.0
364,26.0,Female,Snapchat,120.0,4.0,55.0,18.0,30.0,Anxiety,train,False,34.0
365,25.0,Male,Twitter,90.0,6.0,42.0,14.0,26.0,Sadness,train,False,32.0
366,29.0,Non-binary,Facebook,60.0,1.0,12.0,4.0,12.0,Boredom,train,False,13.0
367,28.0,Male,Instagram,165.0,5.0,78.0,23.0,35.0,Happiness,train,True,40.0
368,31.0,Female,Whatsapp,65.0,2.0,27.0,10.0,20.0,Neutral,train,False,22.0
369,27.0,Male,Telegram,105.0,3.0,48.0,20.0,28.0,Anxiety,train,False,31.0
370,22.0,Non-binary,Snapchat,75.0,2.0,21.0,8.0,20.0,Sadness,train,False,22.0
371,24.0,Female,Instagram,140.0,4.0,65.0,22.0,30.0,Happiness,train,True,34.0
372,35.0,Male,Twitter,70.0,1.0,13.0,8.0,10.0,Boredom,train,False,11.0
373,21.0,Non-binary,Facebook,55.0,3.0,17.0,7.0,12.0,Neutral,train,False,15.0
374,29.0,Female,Whatsapp,90.0,2.0,24.0,12.0,22.0,Anger,train,False,24.0
375,25.0,Male,Telegram,80.0,4.0,30.0,13.0,25.0,Neutral,train,False,29.0
376,28.0,Non-binary,Snapchat,115.0,3.0,38.0,18.0,27.0,Anxiety,train,False,30.0
377,32.0,Female,Instagram,155.0,6.0,75.0,25.0,38.0,Happiness,train,True,44.0
378,26.0,Male,Twitter,75.0,2.0,23.0,12.0,18.0,Sadness,train,False,20.0
379,33.0,Non-binary,Facebook,65.0,1.0,13.0,7.0,14.0,Anxiety,train,False,15.0
380,27.0,Female,Whatsapp,90.0,4.0,37.0,18.0,20.0,Neutral,train,False,24.0
381,31.0,Male,Telegram,50.0,2.0,20.0,10.0,12.0,Sadness,train,False,14.0
382,24.0,Non-binary,Snapchat,85.0,3.0,33.0,20.0,18.0,Happiness,train,False,21.0
383,34.0,Female,Instagram,120.0,5.0,60.0,25.0,25.0,Anger,train,True,30.0
384,22.0,Male,Twitter,70.0,1.0,22.0,7.0,22.0,Neutral,train,False,23.0
385,29.0,Non-binary,Facebook,75.0,2.0,20.0,8.0,20.0,Boredom,train,False,22.0
386,28.0,Female,Whatsapp,100.0,4.0,37.0,14.0,26.0,Anxiety,train,False,30.0
387,31.0,Male,Telegram,85.0,3.0,45.0,20.0,28.0,Sadness,train,False,31.0
388,21.0,Non-binary,Snapchat,60.0,1.0,18.0,7.0,12.0,Neutral,train,False,13.0
389,25.0,Female,Instagram,170.0,6.0,83.0,30.0,33.0,Happiness,train,True,39.0
390,30.0,Male,Twitter,70.0,2.0,30.0,12.0,20.0,Anxiety,train,False,22.0
391,27.0,Non-binary,Facebook,50.0,1.0,10.0,4.0,10.0,Boredom,train,False,11.0
392,32.0,Female,Whatsapp,105.0,4.0,55.0,25.0,25.0,Anger,train,False,29.0
393,24.0,Male,Telegram,75.0,3.0,37.0,16.0,22.0,Neutral,train,False,25.0
394,29.0,Female,Snapchat,95.0,2.0,23.0,10.0,28.0,Sadness,train,False,30.0
395,26.0,Male,Instagram,150.0,5.0,70.0,25.0,30.0,Anxiety,train,True,35.0
396,33.0,Non-binary,Twitter,85.0,4.0,35.0,18.0,18.0,Boredom,train,False,22.0
397,22.0,Female,Facebook,70.0,1.0,14.0,6.0,10.0,Neutral,train,False,11.0
398,35.0,Male,Whatsapp,110.0,3.0,50.0,25.0,25.0,Happiness,train,False,28.0
399,28.0,Non-binary,Telegram,60.0,2.0,18.0,8.0,18.0,Anger,train,False,20.0
400,27.0,Female,Snapchat,120.0,4.0,40.0,18.0,22.0,Neutral,train,False,26.0
401,25.0,Female,Instagram,120.0,5.0,50.0,20.0,25.0,Happiness,train,True,30.0
402,30.0,Male,Twitter,90.0,4.0,30.0,20.0,22.0,Anger,train,False,26.0
403,22.0,Non-binary,Facebook,60.0,2.0,20.0,10.0,15.0,Neutral,train,False,17.0
404,28.0,Female,Instagram,200.0,8.0,110.0,40.0,45.0,Anxiety,train,True,53.0
405,33.0,Male,LinkedIn,45.0,1.0,10.0,5.0,12.0,Boredom,train,False,13.0
406,21.0,Male,Instagram,150.0,5.0,65.0,25.0,30.0,Happiness,train,True,35.0
407,27.0,Female,Twitter,85.0,3.0,40.0,18.0,20.0,Anger,train,False,23.0
408,24.0,Non-binary,Facebook,110.0,6.0,35.0,16.0,25.0,Sadness,train,False,31.0
409,29.0,Female,LinkedIn,55.0,2.0,15.0,5.0,10.0,Neutral,train,False,12.0
410,31.0,Male,Instagram,170.0,7.0,90.0,35.0,40.0,Happiness,train,True,47.0
411,23.0,Female,Twitter,75.0,4.0,45.0,20.0,25.0,Anxiety,train,False,29.0
412,26.0,Non-binary,Facebook,95.0,3.0,30.0,14.0,18.0,Sadness,train,False,21.0
413,34.0,Male,LinkedIn,65.0,1.0,14.0,6.0,15.0,Boredom,train,False,16.0
414,22.0,Female,Instagram,180.0,8.0,100.0,38.0,45.0,Happiness,train,True,53.0
415,28.0,Male,Twitter,100.0,6.0,50.0,30.0,29.0,Anger,train,False,35.0
416,21.0,Non-binary,Facebook,40.0,1.0,10.0,4.0,12.0,Neutral,train,False,13.0
417,35.0,Female,Instagram,125.0,5.0,65.0,22.0,28.0,Anxiety,train,True,33.0
418,27.0,Male,Twitter,90.0,3.0,40.0,16.0,24.0,Sadness,train,False,27.0
419,23.0,Non-binary,LinkedIn,50.0,1.0,12.0,6.0,12.0,Neutral,train,False,13.0
420,32.0,Female,Instagram,140.0,6.0,75.0,28.0,30.0,Happiness,train,True,36.0
421,26.0,Male,Facebook,75.0,2.0,30.0,14.0,20.0,Anxiety,train,False,22.0
422,24.0,Female,Twitter,105.0,4.0,35.0,20.0,23.0,Anger,train,False,27.0
423,29.0,Male,LinkedIn,60.0,2.0,17.0,8.0,15.0,Boredom,train,False,17.0
424,33.0,Non-binary,Instagram,190.0,8.0,105.0,36.0,50.0,Happiness,train,True,58.0
425,22.0,Female,Twitter,70.0,3.0,25.0,16.0,15.0,Sadness,train,False,18.0
426,31.0,Male,Facebook,80.0,2.0,20.0,10.0,20.0,Neutral,train,False,22.0
427,27.0,Non-binary,LinkedIn,55.0,1.0,12.0,5.0,11.0,Anxiety,train,False,12.0
428,25.0,Female,Instagram,160.0,6.0,85.0,26.0,30.0,Happiness,train,True,36.0
429,30.0,Male,Twitter,90.0,4.0,43.0,19.0,24.0,Anger,train,False,28.0
430,26.0,Non-binary,Facebook,45.0,1.0,8.0,4.0,12.0,Sadness,train,False,13.0
431,34.0,Female,LinkedIn,65.0,2.0,17.0,5.0,14.0,Boredom,train,False,16.0
432,28.0,Male,Instagram,145.0,7.0,80.0,30.0,35.0,Happiness,train,True,42.0
433,23.0,Non-binary,Twitter,70.0,3.0,30.0,14.0,18.0,Neutral,train,False,21.0
434,21.0,Female,Instagram,130.0,6.0,95.0,22.0,28.0,Sadness,train,True,34.0
435,29.0,Male,Facebook,65.0,2.0,27.0,11.0,22.0,Anxiety,train,False,24.0
436,24.0,Non-binary,LinkedIn,55.0,1.0,11.0,6.0,11.0,Boredom,train,False,12.0
437,33.0,Female,Instagram,170.0,7.0,95.0,30.0,38.0,Happiness,train,True,45.0
438,27.0,Male,Twitter,85.0,4.0,45.0,18.0,24.0,Anger,train,False,28.0
439,22.0,Female,Instagram,115.0,3.0,60.0,17.0,30.0,Neutral,train,True,33.0
440,28.0,Non-binary,Facebook,100.0,2.0,22.0,12.0,25.0,Anxiety,train,False,27.0
441,31.0,Male,LinkedIn,45.0,1.0,9.0,4.0,10.0,Sadness,train,False,11.0
442,25.0,Female,Instagram,150.0,6.0,90.0,26.0,30.0,Happiness,train,True,36.0
443,29.0,Male,Twitter,95.0,4.0,50.0,22.0,22.0,Anger,train,False,26.0
444,23.0,Non-binary,Facebook,105.0,2.0,25.0,12.0,18.0,Neutral,train,False,20.0
445,35.0,Female,LinkedIn,60.0,1.0,15.0,7.0,14.0,Boredom,train,False,15.0
446,30.0,Male,Instagram,175.0,7.0,100.0,33.0,38.0,Happiness,train,True,45.0
447,21.0,Female,Twitter,90.0,3.0,37.0,14.0,20.0,Sadness,train,False,23.0
448,26.0,Non-binary,Facebook,75.0,2.0,30.0,12.0,18.0,Anxiety,train,False,20.0
449,32.0,Male,Instagram,130.0,5.0,80.0,28.0,31.0,Neutral,train,True,36.0
450,28.0,Female,LinkedIn,55.0,1.0,12.0,6.0,10.0,Boredom,train,False,11.0
451,27.0,Male,Instagram,165.0,6.0,85.0,30.0,28.0,Happiness,train,True,34.0
452,24.0,Female,Twitter,75.0,3.0,33.0,18.0,19.0,Anger,train,False,22.0
453,29.0,Non-binary,Facebook,85.0,2.0,27.0,9.0,20.0,Neutral,train,False,22.0
454,33.0,Female,Instagram,145.0,4.0,65.0,23.0,35.0,Sadness,train,True,39.0
455,31.0,Male,LinkedIn,60.0,1.0,15.0,7.0,17.0,Anxiety,train,False,18.0
456,22.0,Female,Whatsapp,70.0,2.0,42.0,10.0,21.0,Anxiety,train,False,23.0
457,25.0,Male,Telegram,90.0,3.0,22.0,11.0,22.0,Boredom,train,False,25.0
458,29.0,Non-binary,Snapchat,50.0,2.0,18.0,7.0,18.0,Sadness,train,False,20.0
459,28.0,Female,Twitter,95.0,4.0,48.0,22.0,25.0,Happiness,train,False,29.0
460,27.0,Male,Facebook,60.0,1.0,12.0,5.0,15.0,Boredom,train,False,16.0
461,30.0,Female,Instagram,175.0,6.0,72.0,30.0,33.0,Happiness,train,True,39.0
462,23.0,Male,Whatsapp,70.0,3.0,22.0,10.0,18.0,Anger,train,False,21.0
463,34.0,Non-binary,Telegram,80.0,2.0,21.0,8.0,20.0,Neutral,train,False,22.0
464,26.0,Female,Snapchat,120.0,4.0,55.0,18.0,30.0,Anxiety,train,False,34.0
465,25.0,Male,Twitter,90.0,6.0,42.0,14.0,26.0,Sadness,train,False,32.0
466,29.0,Non-binary,Facebook,60.0,1.0,12.0,4.0,12.0,Boredom,train,False,13.0
467,28.0,Male,Instagram,165.0,5.0,78.0,23.0,35.0,Happiness,train,True,40.0
468,31.0,Female,Whatsapp,65.0,2.0,27.0,10.0,20.0,Neutral,train,False,22.0
469,27.0,Male,Telegram,105.0,3.0,48.0,20.0,28.0,Anxiety,train,False,31.0
470,22.0,Non-binary,Snapchat,75.0,2.0,21.0,8.0,20.0,Sadness,train,False,22.0
471,24.0,Female,Instagram,140.0,4.0,65.0,22.0,30.0,Happiness,train,True,34.0
472,35.0,Male,Twitter,70.0,1.0,13.0,8.0,10.0,Boredom,train,False,11.0
473,21.0,Non-binary,Facebook,55.0,3.0,17.0,7.0,12.0,Neutral,train,False,15.0
474,29.0,Female,Whatsapp,90.0,2.0,24.0,12.0,22.0,Anger,train,False,24.0
475,25.0,Male,Telegram,80.0,4.0,30.0,13.0,25.0,Neutral,train,False,29.0
476,28.0,Non-binary,Snapchat,115.0,3.0,38.0,18.0,27.0,Anxiety,train,False,30.0
477,32.0,Female,Instagram,155.0,6.0,75.0,25.0,38.0,Happiness,train,True,44.0
478,26.0,Male,Twitter,75.0,2.0,23.0,12.0,18.0,Sadness,train,False,20.0
479,33.0,Non-binary,Facebook,65.0,1.0,13.0,7.0,14.0,Anxiety,train,False,15.0
480,27.0,Female,Whatsapp,90.0,4.0,37.0,18.0,20.0,Neutral,train,False,24.0
481,31.0,Male,Telegram,50.0,2.0,20.0,10.0,12.0,Sadness,train,False,14.0
482,24.0,Non-binary,Snapchat,85.0,3.0,33.0,20.0,18.0,Happiness,train,False,21.0
483,34.0,Female,Instagram,120.0,5.0,60.0,25.0,25.0,Anger,train,True,30.0
484,22.0,Male,Twitter,70.0,1.0,22.0,7.0,22.0,Neutral,train,False,23.0
485,29.0,Non-binary,Facebook,75.0,2.0,20.0,8.0,20.0,Boredom,train,False,22.0
486,28.0,Female,Whatsapp,100.0,4.0,37.0,14.0,26.0,Anxiety,train,False,30.0
487,31.0,Male,Telegram,85.0,3.0,45.0,20.0,28.0,Sadness,train,False,31.0
488,21.0,Non-binary,Snapchat,60.0,1.0,18.0,7.0,12.0,Neutral,train,False,13.0
489,25.0,Female,Instagram,170.0,6.0,83.0,30.0,33.0,Happiness,train,True,39.0
490,30.0,Male,Twitter,70.0,2.0,30.0,12.0,20.0,Anxiety,train,False,22.0
491,27.0,Non-binary,Facebook,50.0,1.0,10.0,4.0,10.0,Boredom,train,False,11.0
492,32.0,Female,Whatsapp,105.0,4.0,55.0,25.0,25.0,Anger,train,False,29.0
493,24.0,Male,Telegram,75.0,3.0,37.0,16.0,22.0,Neutral,train,False,25.0
494,29.0,Female,Snapchat,95.0,2.0,23.0,10.0,28.0,Sadness,train,False,30.0
495,26.0,Male,Instagram,150.0,5.0,70.0,25.0,30.0,Anxiety,train,True,35.0
496,33.0,Non-binary,Twitter,85.0,4.0,35.0,18.0,18.0,Boredom,train,False,22.0
497,22.0,Female,Facebook,70.0,1.0,14.0,6.0,10.0,Neutral,train,False,11.0
498,35.0,Male,Whatsapp,110.0,3.0,50.0,25.0,25.0,Happiness,train,False,28.0
499,28.0,Non-binary,Telegram,60.0,2.0,18.0,8.0,18.0,Anger,train,False,20.0
500,27.0,Female,Snapchat,120.0,4.0,40.0,18.0,22.0,Neutral,train,False,26.0
501,25.0,Female,Instagram,120.0,5.0,50.0,20.0,25.0,Happiness,train,True,30.0
502,30.0,Male,Twitter,90.0,4.0,30.0,20.0,22.0,Anger,train,False,26.0
503,22.0,Non-binary,Facebook,60.0,2.0,20.0,10.0,15.0,Neutral,train,False,17.0
504,28.0,Female,Instagram,200.0,8.0,110.0,40.0,45.0,Anxiety,train,True,53.0
505,33.0,Male,LinkedIn,45.0,1.0,10.0,5.0,12.0,Boredom,train,False,13.0
506,21.0,Male,Instagram,150.0,5.0,65.0,25.0,30.0,Happiness,train,True,35.0
507,27.0,Female,Twitter,85.0,3.0,40.0,18.0,20.0,Anger,train,False,23.0
508,24.0,Non-binary,Facebook,110.0,6.0,35.0,16.0,25.0,Sadness,train,False,31.0
509,29.0,Female,LinkedIn,55.0,2.0,15.0,5.0,10.0,Neutral,train,False,12.0
510,31.0,Male,Instagram,170.0,7.0,90.0,35.0,40.0,Happiness,train,True,47.0
511,23.0,Female,Twitter,75.0,4.0,45.0,20.0,25.0,Anxiety,train,False,29.0
512,26.0,Non-binary,Facebook,95.0,3.0,30.0,14.0,18.0,Sadness,train,False,21.0
513,34.0,Male,LinkedIn,65.0,1.0,14.0,6.0,15.0,Boredom,train,False,16.0
514,22.0,Female,Instagram,180.0,8.0,100.0,38.0,45.0,Happiness,train,True,53.0
515,28.0,Male,Twitter,100.0,6.0,50.0,30.0,29.0,Anger,train,False,35.0
516,21.0,Non-binary,Facebook,40.0,1.0,10.0,4.0,12.0,Neutral,train,False,13.0
517,35.0,Female,Instagram,125.0,5.0,65.0,22.0,28.0,Anxiety,train,True,33.0
518,27.0,Male,Twitter,90.0,3.0,40.0,16.0,24.0,Sadness,train,False,27.0
519,23.0,Non-binary,LinkedIn,50.0,1.0,12.0,6.0,12.0,Neutral,train,False,13.0
520,32.0,Female,Instagram,140.0,6.0,75.0,28.0,30.0,Happiness,train,True,36.0
521,26.0,Male,Facebook,75.0,2.0,30.0,14.0,20.0,Anxiety,train,False,22.0
522,24.0,Female,Twitter,105.0,4.0,35.0,20.0,23.0,Anger,train,False,27.0
523,29.0,Male,LinkedIn,60.0,2.0,17.0,8.0,15.0,Boredom,train,False,17.0
524,33.0,Non-binary,Instagram,190.0,8.0,105.0,36.0,50.0,Happiness,train,True,58.0
525,22.0,Female,Twitter,70.0,3.0,25.0,16.0,15.0,Sadness,train,False,18.0
526,31.0,Male,Facebook,80.0,2.0,20.0,10.0,20.0,Neutral,train,False,22.0
527,27.0,Non-binary,LinkedIn,55.0,1.0,12.0,5.0,11.0,Anxiety,train,False,12.0
528,25.0,Female,Instagram,160.0,6.0,85.0,26.0,30.0,Happiness,train,True,36.0
529,30.0,Male,Twitter,90.0,4.0,43.0,19.0,24.0,Anger,train,False,28.0
530,26.0,Non-binary,Facebook,45.0,1.0,8.0,4.0,12.0,Sadness,train,False,13.0
531,34.0,Female,LinkedIn,65.0,2.0,17.0,5.0,14.0,Boredom,train,False,16.0
532,28.0,Male,Instagram,145.0,7.0,80.0,30.0,35.0,Happiness,train,True,42.0
533,23.0,Non-binary,Twitter,70.0,3.0,30.0,14.0,18.0,Neutral,train,False,21.0
534,21.0,Female,Instagram,130.0,6.0,95.0,22.0,28.0,Sadness,train,True,34.0
535,29.0,Male,Facebook,65.0,2.0,27.0,11.0,22.0,Anxiety,train,False,24.0
536,24.0,Non-binary,LinkedIn,55.0,1.0,11.0,6.0,11.0,Boredom,train,False,12.0
537,33.0,Female,Instagram,170.0,7.0,95.0,30.0,38.0,Happiness,train,True,45.0
538,27.0,Male,Twitter,85.0,4.0,45.0,18.0,24.0,Anger,train,False,28.0
539,22.0,Female,Instagram,115.0,3.0,60.0,17.0,30.0,Neutral,train,True,33.0
540,28.0,Non-binary,Facebook,100.0,2.0,22.0,12.0,25.0,Anxiety,train,False,27.0
541,31.0,Male,LinkedIn,45.0,1.0,9.0,4.0,10.0,Sadness,train,False,11.0
542,25.0,Female,Instagram,150.0,6.0,90.0,26.0,30.0,Happiness,train,True,36.0
543,29.0,Male,Twitter,95.0,4.0,50.0,22.0,22.0,Anger,train,False,26.0
544,23.0,Non-binary,Facebook,105.0,2.0,25.0,12.0,18.0,Neutral,train,False,20.0
545,35.0,Female,LinkedIn,60.0,1.0,15.0,7.0,14.0,Boredom,train,False,15.0
546,30.0,Male,Instagram,175.0,7.0,100.0,33.0,38.0,Happiness,train,True,45.0
547,21.0,Female,Twitter,90.0,3.0,37.0,14.0,20.0,Sadness,train,False,23.0
548,26.0,Non-binary,Facebook,75.0,2.0,30.0,12.0,18.0,Anxiety,train,False,20.0
549,32.0,Male,Instagram,130.0,5.0,80.0,28.0,31.0,Neutral,train,True,36.0
550,28.0,Female,LinkedIn,55.0,1.0,12.0,6.0,10.0,Boredom,train,False,11.0
551,27.0,Male,Instagram,165.0,6.0,85.0,30.0,28.0,Happiness,train,True,34.0
552,24.0,Female,Twitter,75.0,3.0,33.0,18.0,19.0,Anger,train,False,22.0
553,29.0,Non-binary,Facebook,85.0,2.0,27.0,9.0,20.0,Neutral,train,False,22.0
554,33.0,Female,Instagram,145.0,4.0,65.0,23.0,35.0,Sadness,train,True,39.0
555,31.0,Male,LinkedIn,60.0,1.0,15.0,7.0,17.0,Anxiety,train,False,18.0
556,22.0,Female,Whatsapp,70.0,2.0,42.0,10.0,21.0,Anxiety,train,False,23.0
557,25.0,Male,Telegram,90.0,3.0,22.0,11.0,22.0,Boredom,train,False,25.0
558,29.0,Non-binary,Snapchat,50.0,2.0,18.0,7.0,18.0,Sadness,train,False,20.0
559,28.0,Female,Twitter,95.0,4.0,48.0,22.0,25.0,Happiness,train,False,29.0
560,27.0,Male,Facebook,60.0,1.0,12.0,5.0,15.0,Boredom,train,False,16.0
561,30.0,Female,Instagram,175.0,6.0,72.0,30.0,33.0,Happiness,train,True,39.0
562,23.0,Male,Whatsapp,70.0,3.0,22.0,10.0,18.0,Anger,train,False,21.0
563,34.0,Non-binary,Telegram,80.0,2.0,21.0,8.0,20.0,Neutral,train,False,22.0
564,26.0,Female,Snapchat,120.0,4.0,55.0,18.0,30.0,Anxiety,train,False,34.0
565,25.0,Male,Twitter,90.0,6.0,42.0,14.0,26.0,Sadness,train,False,32.0
566,29.0,Non-binary,Facebook,60.0,1.0,12.0,4.0,12.0,Boredom,train,False,13.0
567,28.0,Male,Instagram,165.0,5.0,78.0,23.0,35.0,Happiness,train,True,40.0
568,31.0,Female,Whatsapp,65.0,2.0,27.0,10.0,20.0,Neutral,train,False,22.0
569,27.0,Male,Telegram,105.0,3.0,48.0,20.0,28.0,Anxiety,train,False,31.0
570,22.0,Non-binary,Snapchat,75.0,2.0,21.0,8.0,20.0,Sadness,train,False,22.0
571,24.0,Female,Instagram,140.0,4.0,65.0,22.0,30.0,Happiness,train,True,34.0
572,35.0,Male,Twitter,70.0,1.0,13.0,8.0,10.0,Boredom,train,False,11.0
573,21.0,Non-binary,Facebook,55.0,3.0,17.0,7.0,12.0,Neutral,train,False,15.0
574,29.0,Female,Whatsapp,90.0,2.0,24.0,12.0,22.0,Anger,train,False,24.0
575,25.0,Male,Telegram,80.0,4.0,30.0,13.0,25.0,Neutral,train,False,29.0
576,28.0,Non-binary,Snapchat,115.0,3.0,38.0,18.0,27.0,Anxiety,train,False,30.0
577,32.0,Female,Instagram,155.0,6.0,75.0,25.0,38.0,Happiness,train,True,44.0
578,26.0,Male,Twitter,75.0,2.0,23.0,12.0,18.0,Sadness,train,False,20.0
579,33.0,Non-binary,Facebook,65.0,1.0,13.0,7.0,14.0,Anxiety,train,False,15.0
580,27.0,Female,Whatsapp,90.0,4.0,37.0,18.0,20.0,Neutral,train,False,24.0
581,31.0,Male,Telegram,50.0,2.0,20.0,10.0,12.0,Sadness,train,False,14.0
582,24.0,Non-binary,Snapchat,85.0,3.0,33.0,20.0,18.0,Happiness,train,False,21.0
583,34.0,Female,Instagram,120.0,5.0,60.0,25.0,25.0,Anger,train,True,30.0
584,22.0,Male,Twitter,70.0,1.0,22.0,7.0,22.0,Neutral,train,False,23.0
585,29.0,Non-binary,Facebook,75.0,2.0,20.0,8.0,20.0,Boredom,train,False,22.0
586,28.0,Female,Whatsapp,100.0,4.0,37.0,14.0,26.0,Anxiety,train,False,30.0
587,31.0,Male,Telegram,85.0,3.0,45.0,20.0,28.0,Sadness,train,False,31.0
588,21.0,Non-binary,Snapchat,60.0,1.0,18.0,7.0,12.0,Neutral,train,False,13.0
589,25.0,Female,Instagram,170.0,6.0,83.0,30.0,33.0,Happiness,train,True,39.0
590,30.0,Male,Twitter,70.0,2.0,30.0,12.0,20.0,Anxiety,train,False,22.0
591,27.0,Non-binary,Facebook,50.0,1.0,10.0,4.0,10.0,Boredom,train,False,11.0
592,32.0,Female,Whatsapp,105.0,4.0,55.0,25.0,25.0,Anger,train,False,29.0
593,24.0,Male,Telegram,75.0,3.0,37.0,16.0,22.0,Neutral,train,False,25.0
594,29.0,Female,Snapchat,95.0,2.0,23.0,10.0,28.0,Sadness,train,False,30.0
595,26.0,Male,Instagram,150.0,5.0,70.0,25.0,30.0,Anxiety,train,True,35.0
596,33.0,Non-binary,Twitter,85.0,4.0,35.0,18.0,18.0,Boredom,train,False,22.0
597,22.0,Female,Facebook,70.0,1.0,14.0,6.0,10.0,Neutral,train,False,11.0
598,35.0,Male,Whatsapp,110.0,3.0,50.0,25.0,25.0,Happiness,train,False,28.0
599,28.0,Non-binary,Telegram,60.0,2.0,18.0,8.0,18.0,Anger,train,False,20.0
600,27.0,Female,Snapchat,120.0,4.0,40.0,18.0,22.0,Neutral,train,False,26.0
601,25.0,Female,Instagram,120.0,5.0,50.0,20.0,25.0,Happiness,train,True,30.0
602,30.0,Male,Twitter,90.0,4.0,30.0,20.0,22.0,Anger,train,False,26.0
603,22.0,Non-binary,Facebook,60.0,2.0,20.0,10.0,15.0,Neutral,train,False,17.0
604,28.0,Female,Instagram,200.0,8.0,110.0,40.0,45.0,Anxiety,train,True,53.0
605,33.0,Male,LinkedIn,45.0,1.0,10.0,5.0,12.0,Boredom,train,False,13.0
606,21.0,Male,Instagram,150.0,5.0,65.0,25.0,30.0,Happiness,train,True,35.0
607,27.0,Female,Twitter,85.0,3.0,40.0,18.0,20.0,Anger,train,False,23.0
608,24.0,Non-binary,Facebook,110.0,6.0,35.0,16.0,25.0,Sadness,train,False,31.0
609,29.0,Female,LinkedIn,55.0,2.0,15.0,5.0,10.0,Neutral,train,False,12.0
610,31.0,Male,Instagram,170.0,7.0,90.0,35.0,40.0,Happiness,train,True,47.0
611,23.0,Female,Twitter,75.0,4.0,45.0,20.0,25.0,Anxiety,train,False,29.0
612,26.0,Non-binary,Facebook,95.0,3.0,30.0,14.0,18.0,Sadness,train,False,21.0
613,34.0,Male,LinkedIn,65.0,1.0,14.0,6.0,15.0,Boredom,train,False,16.0
614,22.0,Female,Instagram,180.0,8.0,100.0,38.0,45.0,Happiness,train,True,53.0
615,28.0,Male,Twitter,100.0,6.0,50.0,30.0,29.0,Anger,train,False,35.0
616,21.0,Non-binary,Facebook,40.0,1.0,10.0,4.0,12.0,Neutral,train,False,13.0
617,35.0,Female,Instagram,125.0,5.0,65.0,22.0,28.0,Anxiety,train,True,33.0
618,27.0,Male,Twitter,90.0,3.0,40.0,16.0,24.0,Sadness,train,False,27.0
619,23.0,Non-binary,LinkedIn,50.0,1.0,12.0,6.0,12.0,Neutral,train,False,13.0
620,32.0,Female,Instagram,140.0,6.0,75.0,28.0,30.0,Happiness,train,True,36.0
621,26.0,Male,Facebook,75.0,2.0,30.0,14.0,20.0,Anxiety,train,False,22.0
622,24.0,Female,Twitter,105.0,4.0,35.0,20.0,23.0,Anger,train,False,27.0
623,29.0,Male,LinkedIn,60.0,2.0,17.0,8.0,15.0,Boredom,train,False,17.0
624,33.0,Non-binary,Instagram,190.0,8.0,105.0,36.0,50.0,Happiness,train,True,58.0
625,22.0,Female,Twitter,70.0,3.0,25.0,16.0,15.0,Sadness,train,False,18.0
626,31.0,Male,Facebook,80.0,2.0,20.0,10.0,20.0,Neutral,train,False,22.0
627,27.0,Non-binary,LinkedIn,55.0,1.0,12.0,5.0,11.0,Anxiety,train,False,12.0
628,25.0,Female,Instagram,160.0,6.0,85.0,26.0,30.0,Happiness,train,True,36.0
629,30.0,Male,Twitter,90.0,4.0,43.0,19.0,24.0,Anger,train,False,28.0
630,26.0,Non-binary,Facebook,45.0,1.0,8.0,4.0,12.0,Sadness,train,False,13.0
631,34.0,Female,LinkedIn,65.0,2.0,17.0,5.0,14.0,Boredom,train,False,16.0
632,28.0,Male,Instagram,145.0,7.0,80.0,30.0,35.0,Happiness,train,True,42.0
633,23.0,Non-binary,Twitter,70.0,3.0,30.0,14.0,18.0,Neutral,train,False,21.0
634,21.0,Female,Instagram,130.0,6.0,95.0,22.0,28.0,Sadness,train,True,34.0
635,29.0,Male,Facebook,65.0,2.0,27.0,11.0,22.0,Anxiety,train,False,24.0
636,24.0,Non-binary,LinkedIn,55.0,1.0,11.0,6.0,11.0,Boredom,train,False,12.0
637,33.0,Female,Instagram,170.0,7.0,95.0,30.0,38.0,Happiness,train,True,45.0
638,27.0,Male,Twitter,85.0,4.0,45.0,18.0,24.0,Anger,train,False,28.0
639,22.0,Female,Instagram,115.0,3.0,60.0,17.0,30.0,Neutral,train,True,33.0
640,28.0,Non-binary,Facebook,100.0,2.0,22.0,12.0,25.0,Anxiety,train,False,27.0
641,31.0,Male,LinkedIn,45.0,1.0,9.0,4.0,10.0,Sadness,train,False,11.0
642,25.0,Female,Instagram,150.0,6.0,90.0,26.0,30.0,Happiness,train,True,36.0
643,29.0,Male,Twitter,95.0,4.0,50.0,22.0,22.0,Anger,train,False,26.0
644,23.0,Non-binary,Facebook,105.0,2.0,25.0,12.0,18.0,Neutral,train,False,20.0
645,35.0,Female,LinkedIn,60.0,1.0,15.0,7.0,14.0,Boredom,train,False,15.0
646,30.0,Male,Instagram,175.0,7.0,100.0,33.0,38.0,Happiness,train,True,45.0
647,21.0,Female,Twitter,90.0,3.0,37.0,14.0,20.0,Sadness,train,False,23.0
648,26.0,Non-binary,Facebook,75.0,2.0,30.0,12.0,18.0,Anxiety,train,False,20.0
649,32.0,Male,Instagram,130.0,5.0,80.0,28.0,31.0,Neutral,train,True,36.0
650,28.0,Female,LinkedIn,55.0,1.0,12.0,6.0,10.0,Boredom,train,False,11.0
651,27.0,Male,Instagram,165.0,6.0,85.0,30.0,28.0,Happiness,train,True,34.0
652,24.0,Female,Twitter,75.0,3.0,33.0,18.0,19.0,Anger,train,False,22.0
653,29.0,Non-binary,Facebook,85.0,2.0,27.0,9.0,20.0,Neutral,train,False,22.0
654,33.0,Female,Instagram,145.0,4.0,65.0,23.0,35.0,Sadness,train,True,39.0
655,31.0,Male,LinkedIn,60.0,1.0,15.0,7.0,17.0,Anxiety,train,False,18.0
656,22.0,Female,Whatsapp,70.0,2.0,42.0,10.0,21.0,Anxiety,train,False,23.0
657,25.0,Male,Telegram,90.0,3.0,22.0,11.0,22.0,Boredom,train,False,25.0
658,29.0,Non-binary,Snapchat,50.0,2.0,18.0,7.0,18.0,Sadness,train,False,20.0
659,28.0,Female,Twitter,95.0,4.0,48.0,22.0,25.0,Happiness,train,False,29.0
660,27.0,Male,Facebook,60.0,1.0,12.0,5.0,15.0,Boredom,train,False,16.0
661,30.0,Female,Instagram,175.0,6.0,72.0,30.0,33.0,Happiness,train,True,39.0
662,23.0,Male,Whatsapp,70.0,3.0,22.0,10.0,18.0,Anger,train,False,21.0
663,34.0,Non-binary,Telegram,80.0,2.0,21.0,8.0,20.0,Neutral,train,False,22.0
664,26.0,Female,Snapchat,120.0,4.0,55.0,18.0,30.0,Anxiety,train,False,34.0
665,25.0,Male,Twitter,90.0,6.0,42.0,14.0,26.0,Sadness,train,False,32.0
666,29.0,Non-binary,Facebook,60.0,1.0,12.0,4.0,12.0,Boredom,train,False,13.0
667,28.0,Male,Instagram,165.0,5.0,78.0,23.0,35.0,Happiness,train,True,40.0
668,31.0,Female,Whatsapp,65.0,2.0,27.0,10.0,20.0,Neutral,train,False,22.0
669,27.0,Male,Telegram,105.0,3.0,48.0,20.0,28.0,Anxiety,train,False,31.0
670,22.0,Non-binary,Snapchat,75.0,2.0,21.0,8.0,20.0,Sadness,train,False,22.0
671,24.0,Female,Instagram,140.0,4.0,65.0,22.0,30.0,Happiness,train,True,34.0
672,35.0,Male,Twitter,70.0,1.0,13.0,8.0,10.0,Boredom,train,False,11.0
673,21.0,Non-binary,Facebook,55.0,3.0,17.0,7.0,12.0,Neutral,train,False,15.0
674,29.0,Female,Whatsapp,90.0,2.0,24.0,12.0,22.0,Anger,train,False,24.0
675,25.0,Male,Telegram,80.0,4.0,30.0,13.0,25.0,Neutral,train,False,29.0
676,28.0,Non-binary,Snapchat,115.0,3.0,38.0,18.0,27.0,Anxiety,train,False,30.0
677,32.0,Female,Instagram,155.0,6.0,75.0,25.0,38.0,Happiness,train,True,44.0
678,26.0,Male,Twitter,75.0,2.0,23.0,12.0,18.0,Sadness,train,False,20.0
679,33.0,Non-binary,Facebook,65.0,1.0,13.0,7.0,14.0,Anxiety,train,False,15.0
680,27.0,Female,Whatsapp,90.0,4.0,37.0,18.0,20.0,Neutral,train,False,24.0
681,31.0,Male,Telegram,50.0,2.0,20.0,10.0,12.0,Sadness,train,False,14.0
682,24.0,Non-binary,Snapchat,85.0,3.0,33.0,20.0,18.0,Happiness,train,False,21.0
683,34.0,Female,Instagram,120.0,5.0,60.0,25.0,25.0,Anger,train,True,30.0
684,22.0,Male,Twitter,70.0,1.0,22.0,7.0,22.0,Neutral,train,False,23.0
685,29.0,Non-binary,Facebook,75.0,2.0,20.0,8.0,20.0,Boredom,train,False,22.0
686,28.0,Female,Whatsapp,100.0,4.0,37.0,14.0,26.0,Anxiety,train,False,30.0
687,31.0,Male,Telegram,85.0,3.0,45.0,20.0,28.0,Sadness,train,False,31.0
688,21.0,Non-binary,Snapchat,60.0,1.0,18.0,7.0,12.0,Neutral,train,False,13.0
689,25.0,Female,Instagram,170.0,6.0,83.0,30.0,33.0,Happiness,train,True,39.0
690,30.0,Male,Twitter,70.0,2.0,30.0,12.0,20.0,Anxiety,train,False,22.0
691,27.0,Non-binary,Facebook,50.0,1.0,10.0,4.0,10.0,Boredom,train,False,11.0
692,32.0,Female,Whatsapp,105.0,4.0,55.0,25.0,25.0,Anger,train,False,29.0
693,24.0,Male,Telegram,75.0,3.0,37.0,16.0,22.0,Neutral,train,False,25.0
694,29.0,Female,Snapchat,95.0,2.0,23.0,10.0,28.0,Sadness,train,False,30.0
695,26.0,Male,Instagram,150.0,5.0,70.0,25.0,30.0,Anxiety,train,True,35.0
696,33.0,Non-binary,Twitter,85.0,4.0,35.0,18.0,18.0,Boredom,train,False,22.0
697,22.0,Female,Facebook,70.0,1.0,14.0,6.0,10.0,Neutral,train,False,11.0
698,35.0,Male,Whatsapp,110.0,3.0,50.0,25.0,25.0,Happiness,train,False,28.0
699,28.0,Non-binary,Telegram,60.0,2.0,18.0,8.0,18.0,Anger,train,False,20.0
700,27.0,Female,Snapchat,120.0,4.0,40.0,18.0,22.0,Neutral,train,False,26.0
701,25.0,Female,Instagram,120.0,5.0,50.0,20.0,25.0,Happiness,train,True,30.0
702,30.0,Male,Twitter,90.0,4.0,30.0,20.0,22.0,Anger,train,False,26.0
703,22.0,Non-binary,Facebook,60.0,2.0,20.0,10.0,15.0,Neutral,train,False,17.0
704,28.0,Female,Instagram,200.0,8.0,110.0,40.0,45.0,Anxiety,train,True,53.0
705,33.0,Male,LinkedIn,45.0,1.0,10.0,5.0,12.0,Boredom,train,False,13.0
706,21.0,Male,Instagram,150.0,5.0,65.0,25.0,30.0,Happiness,train,True,35.0
707,27.0,Female,Twitter,85.0,3.0,40.0,18.0,20.0,Anger,train,False,23.0
708,24.0,Non-binary,Facebook,110.0,6.0,35.0,16.0,25.0,Sadness,train,False,31.0
709,29.0,Female,LinkedIn,55.0,2.0,15.0,5.0,10.0,Neutral,train,False,12.0
710,31.0,Male,Instagram,170.0,7.0,90.0,35.0,40.0,Happiness,train,True,47.0
711,23.0,Female,Twitter,75.0,4.0,45.0,20.0,25.0,Anxiety,train,False,29.0
712,26.0,Non-binary,Facebook,95.0,3.0,30.0,14.0,18.0,Sadness,train,False,21.0
713,34.0,Male,LinkedIn,65.0,1.0,14.0,6.0,15.0,Boredom,train,False,16.0
714,22.0,Female,Instagram,180.0,8.0,100.0,38.0,45.0,Happiness,train,True,53.0
715,28.0,Male,Twitter,100.0,6.0,50.0,30.0,29.0,Anger,train,False,35.0
716,21.0,Non-binary,Facebook,40.0,1.0,10.0,4.0,12.0,Neutral,train,False,13.0
717,35.0,Female,Instagram,125.0,5.0,65.0,22.0,28.0,Anxiety,train,True,33.0
718,27.0,Male,Twitter,90.0,3.0,40.0,16.0,24.0,Sadness,train,False,27.0
719,23.0,Non-binary,LinkedIn,50.0,1.0,12.0,6.0,12.0,Neutral,train,False,13.0
720,32.0,Female,Instagram,140.0,6.0,75.0,28.0,30.0,Happiness,train,True,36.0
721,26.0,Male,Facebook,75.0,2.0,30.0,14.0,20.0,Anxiety,train,False,22.0
722,24.0,Female,Twitter,105.0,4.0,35.0,20.0,23.0,Anger,train,False,27.0
723,29.0,Male,LinkedIn,60.0,2.0,17.0,8.0,15.0,Boredom,train,False,17.0
724,33.0,Non-binary,Instagram,190.0,8.0,105.0,36.0,50.0,Happiness,train,True,58.0
725,22.0,Female,Twitter,70.0,3.0,25.0,16.0,15.0,Sadness,train,False,18.0
726,31.0,Male,Facebook,80.0,2.0,20.0,10.0,20.0,Neutral,train,False,22.0
727,27.0,Non-binary,LinkedIn,55.0,1.0,12.0,5.0,11.0,Anxiety,train,False,12.0
728,25.0,Female,Instagram,160.0,6.0,85.0,26.0,30.0,Happiness,train,True,36.0
729,30.0,Male,Twitter,90.0,4.0,43.0,19.0,24.0,Anger,train,False,28.0
730,26.0,Non-binary,Facebook,45.0,1.0,8.0,4.0,12.0,Sadness,train,False,13.0
731,34.0,Female,LinkedIn,65.0,2.0,17.0,5.0,14.0,Boredom,train,False,16.0
732,28.0,Male,Instagram,145.0,7.0,80.0,30.0,35.0,Happiness,train,True,42.0
733,23.0,Non-binary,Twitter,70.0,3.0,30.0,14.0,18.0,Neutral,train,False,21.0
734,21.0,Female,Instagram,130.0,6.0,95.0,22.0,28.0,Sadness,train,True,34.0
735,29.0,Male,Facebook,65.0,2.0,27.0,11.0,22.0,Anxiety,train,False,24.0
736,24.0,Non-binary,LinkedIn,55.0,1.0,11.0,6.0,11.0,Boredom,train,False,12.0
737,33.0,Female,Instagram,170.0,7.0,95.0,30.0,38.0,Happiness,train,True,45.0
738,27.0,Male,Twitter,85.0,4.0,45.0,18.0,24.0,Anger,train,False,28.0
739,22.0,Female,Instagram,115.0,3.0,60.0,17.0,30.0,Neutral,train,True,33.0
740,28.0,Non-binary,Facebook,100.0,2.0,22.0,12.0,25.0,Anxiety,train,False,27.0
741,31.0,Male,LinkedIn,45.0,1.0,9.0,4.0,10.0,Sadness,train,False,11.0
742,25.0,Female,Instagram,150.0,6.0,90.0,26.0,30.0,Happiness,train,True,36.0
743,29.0,Male,Twitter,95.0,4.0,50.0,22.0,22.0,Anger,train,False,26.0
744,23.0,Non-binary,Facebook,105.0,2.0,25.0,12.0,18.0,Neutral,train,False,20.0
745,35.0,Female,LinkedIn,60.0,1.0,15.0,7.0,14.0,Boredom,train,False,15.0
746,30.0,Male,Instagram,175.0,7.0,100.0,33.0,38.0,Happiness,train,True,45.0
747,21.0,Female,Twitter,90.0,3.0,37.0,14.0,20.0,Sadness,train,False,23.0
748,26.0,Non-binary,Facebook,75.0,2.0,30.0,12.0,18.0,Anxiety,train,False,20.0
749,32.0,Male,Instagram,130.0,5.0,80.0,28.0,31.0,Neutral,train,True,36.0
750,28.0,Female,LinkedIn,55.0,1.0,12.0,6.0,10.0,Boredom,train,False,11.0
789,25.0,Female,Instagram,170.0,6.0,83.0,30.0,33.0,Happiness,train,True,39.0
790,30.0,Male,Twitter,70.0,2.0,30.0,12.0,20.0,Anxiety,train,False,22.0
791,27.0,Non-binary,Facebook,50.0,1.0,10.0,4.0,10.0,Boredom,train,False,11.0
792,32.0,Female,Whatsapp,105.0,4.0,55.0,25.0,25.0,Anger,train,False,29.0
793,24.0,Male,Telegram,75.0,3.0,37.0,16.0,22.0,Neutral,train,False,25.0
794,29.0,Female,Snapchat,95.0,2.0,23.0,10.0,28.0,Sadness,train,False,30.0
795,26.0,Male,Instagram,150.0,5.0,70.0,25.0,30.0,Anxiety,train,True,35.0
796,33.0,Non-binary,Twitter,85.0,4.0,35.0,18.0,18.0,Boredom,train,False,22.0
797,22.0,Female,Facebook,70.0,1.0,14.0,6.0,10.0,Neutral,train,False,11.0
798,35.0,Male,Whatsapp,110.0,3.0,50.0,25.0,25.0,Happiness,train,False,28.0
799,28.0,Non-binary,Telegram,60.0,2.0,18.0,8.0,18.0,Anger,train,False,20.0
800,27.0,Female,Snapchat,120.0,4.0,40.0,18.0,22.0,Neutral,train,False,26.0
801,25.0,Female,Instagram,120.0,5.0,50.0,20.0,25.0,Happiness,train,True,30.0
802,30.0,Male,Twitter,90.0,4.0,30.0,20.0,22.0,Anger,train,False,26.0
803,22.0,Non-binary,Facebook,60.0,2.0,20.0,10.0,15.0,Neutral,train,False,17.0
804,28.0,Female,Instagram,200.0,8.0,110.0,40.0,45.0,Anxiety,train,True,53.0
805,33.0,Male,LinkedIn,45.0,1.0,10.0,5.0,12.0,Boredom,train,False,13.0
806,21.0,Male,Instagram,150.0,5.0,65.0,25.0,30.0,Happiness,train,True,35.0
807,27.0,Female,Twitter,85.0,3.0,40.0,18.0,20.0,Anger,train,False,23.0
808,24.0,Non-binary,Facebook,110.0,6.0,35.0,16.0,25.0,Sadness,train,False,31.0
809,29.0,Female,LinkedIn,55.0,2.0,15.0,5.0,10.0,Neutral,train,False,12.0
810,31.0,Male,Instagram,170.0,7.0,90.0,35.0,40.0,Happiness,train,True,47.0
811,23.0,Female,Twitter,75.0,4.0,45.0,20.0,25.0,Anxiety,train,False,29.0
812,26.0,Non-binary,Facebook,95.0,3.0,30.0,14.0,18.0,Sadness,train,False,21.0
813,34.0,Male,LinkedIn,65.0,1.0,14.0,6.0,15.0,Boredom,train,False,16.0
814,22.0,Female,Instagram,180.0,8.0,100.0,38.0,45.0,Happiness,train,True,53.0
815,28.0,Male,Twitter,100.0,6.0,50.0,30.0,29.0,Anger,train,False,35.0
816,21.0,Non-binary,Facebook,40.0,1.0,10.0,4.0,12.0,Neutral,train,False,13.0
817,35.0,Female,Instagram,125.0,5.0,65.0,22.0,28.0,Anxiety,train,True,33.0
818,27.0,Male,Twitter,90.0,3.0,40.0,16.0,24.0,Sadness,train,False,27.0
819,23.0,Non-binary,LinkedIn,50.0,1.0,12.0,6.0,12.0,Neutral,train,False,13.0
820,32.0,Female,Instagram,140.0,6.0,75.0,28.0,30.0,Happiness,train,True,36.0
821,26.0,Male,Facebook,75.0,2.0,30.0,14.0,20.0,Anxiety,train,False,22.0
822,24.0,Female,Twitter,105.0,4.0,35.0,20.0,23.0,Anger,train,False,27.0
823,29.0,Male,LinkedIn,60.0,2.0,17.0,8.0,15.0,Boredom,train,False,17.0
824,33.0,Non-binary,Instagram,190.0,8.0,105.0,36.0,50.0,Happiness,train,True,58.0
825,22.0,Female,Twitter,70.0,3.0,25.0,16.0,15.0,Sadness,train,False,18.0
826,31.0,Male,Facebook,80.0,2.0,20.0,10.0,20.0,Neutral,train,False,22.0
827,27.0,Non-binary,LinkedIn,55.0,1.0,12.0,5.0,11.0,Anxiety,train,False,12.0
828,25.0,Female,Instagram,160.0,6.0,85.0,26.0,30.0,Happiness,train,True,36.0
829,30.0,Male,Twitter,90.0,4.0,43.0,19.0,24.0,Anger,train,False,28.0
830,26.0,Non-binary,Facebook,45.0,1.0,8.0,4.0,12.0,Sadness,train,False,13.0
831,34.0,Female,LinkedIn,65.0,2.0,17.0,5.0,14.0,Boredom,train,False,16.0
832,28.0,Male,Instagram,145.0,7.0,80.0,30.0,35.0,Happiness,train,True,42.0
833,23.0,Non-binary,Twitter,70.0,3.0,30.0,14.0,18.0,Neutral,train,False,21.0
834,21.0,Female,Instagram,130.0,6.0,95.0,22.0,28.0,Sadness,train,True,34.0
835,29.0,Male,Facebook,65.0,2.0,27.0,11.0,22.0,Anxiety,train,False,24.0
836,24.0,Non-binary,LinkedIn,55.0,1.0,11.0,6.0,11.0,Boredom,train,False,12.0
837,33.0,Female,Instagram,170.0,7.0,95.0,30.0,38.0,Happiness,train,True,45.0
838,27.0,Male,Twitter,85.0,4.0,45.0,18.0,24.0,Anger,train,False,28.0
839,22.0,Female,Instagram,115.0,3.0,60.0,17.0,30.0,Neutral,train,True,33.0
840,28.0,Non-binary,Facebook,100.0,2.0,22.0,12.0,25.0,Anxiety,train,False,27.0
841,31.0,Male,LinkedIn,45.0,1.0,9.0,4.0,10.0,Sadness,train,False,11.0
842,25.0,Female,Instagram,150.0,6.0,90.0,26.0,30.0,Happiness,train,True,36.0
843,29.0,Male,Twitter,95.0,4.0,50.0,22.0,22.0,Anger,train,False,26.0
844,23.0,Non-binary,Facebook,105.0,2.0,25.0,12.0,18.0,Neutral,train,False,20.0
845,35.0,Female,LinkedIn,60.0,1.0,15.0,7.0,14.0,Boredom,train,False,15.0
846,30.0,Male,Instagram,175.0,7.0,100.0,33.0,38.0,Happiness,train,True,45.0
847,21.0,Female,Twitter,90.0,3.0,37.0,14.0,20.0,Sadness,train,False,23.0
848,26.0,Non-binary,Facebook,75.0,2.0,30.0,12.0,18.0,Anxiety,train,False,20.0
849,32.0,Male,Instagram,130.0,5.0,80.0,28.0,31.0,Neutral,train,True,36.0
850,28.0,Female,LinkedIn,55.0,1.0,12.0,6.0,10.0,Boredom,train,False,11.0
851,27.0,Male,Instagram,165.0,6.0,85.0,30.0,28.0,Happiness,train,True,34.0
852,24.0,Female,Twitter,75.0,3.0,33.0,18.0,19.0,Anger,train,False,22.0
853,29.0,Non-binary,Facebook,85.0,2.0,27.0,9.0,20.0,Neutral,train,False,22.0
854,33.0,Female,Instagram,145.0,4.0,65.0,23.0,35.0,Sadness,train,True,39.0
855,31.0,Male,LinkedIn,60.0,1.0,15.0,7.0,17.0,Anxiety,train,False,18.0
856,22.0,Female,Whatsapp,70.0,2.0,42.0,10.0,21.0,Anxiety,train,False,23.0
857,25.0,Male,Telegram,90.0,3.0,22.0,11.0,22.0,Boredom,train,False,25.0
858,29.0,Non-binary,Snapchat,50.0,2.0,18.0,7.0,18.0,Sadness,train,False,20.0
859,28.0,Female,Twitter,95.0,4.0,48.0,22.0,25.0,Happiness,train,False,29.0
860,27.0,Male,Facebook,60.0,1.0,12.0,5.0,15.0,Boredom,train,False,16.0
861,30.0,Female,Instagram,175.0,6.0,72.0,30.0,33.0,Happiness,train,True,39.0
862,23.0,Male,Whatsapp,70.0,3.0,22.0,10.0,18.0,Anger,train,False,21.0
863,34.0,Non-binary,Telegram,80.0,2.0,21.0,8.0,20.0,Neutral,train,False,22.0
864,26.0,Female,Snapchat,120.0,4.0,55.0,18.0,30.0,Anxiety,train,False,34.0
865,25.0,Male,Twitter,90.0,6.0,42.0,14.0,26.0,Sadness,train,False,32.0
866,29.0,Non-binary,Facebook,60.0,1.0,12.0,4.0,12.0,Boredom,train,False,13.0
867,28.0,Male,Instagram,165.0,5.0,78.0,23.0,35.0,Happiness,train,True,40.0
868,31.0,Female,Whatsapp,65.0,2.0,27.0,10.0,20.0,Neutral,train,False,22.0
869,27.0,Male,Telegram,105.0,3.0,48.0,20.0,28.0,Anxiety,train,False,31.0
870,22.0,Non-binary,Snapchat,75.0,2.0,21.0,8.0,20.0,Sadness,train,False,22.0
871,24.0,Female,Instagram,140.0,4.0,65.0,22.0,30.0,Happiness,train,True,34.0
872,35.0,Male,Twitter,70.0,1.0,13.0,8.0,10.0,Boredom,train,False,11.0
873,21.0,Non-binary,Facebook,55.0,3.0,17.0,7.0,12.0,Neutral,train,False,15.0
874,29.0,Female,Whatsapp,90.0,2.0,24.0,12.0,22.0,Anger,train,False,24.0
875,25.0,Male,Telegram,80.0,4.0,30.0,13.0,25.0,Neutral,train,False,29.0
876,28.0,Non-binary,Snapchat,115.0,3.0,38.0,18.0,27.0,Anxiety,train,False,30.0
877,32.0,Female,Instagram,155.0,6.0,75.0,25.0,38.0,Happiness,train,True,44.0
878,26.0,Male,Twitter,75.0,2.0,23.0,12.0,18.0,Sadness,train,False,20.0
879,33.0,Non-binary,Facebook,65.0,1.0,13.0,7.0,14.0,Anxiety,train,False,15.0
880,27.0,Female,Whatsapp,90.0,4.0,37.0,18.0,20.0,Neutral,train,False,24.0
881,31.0,Male,Telegram,50.0,2.0,20.0,10.0,12.0,Sadness,train,False,14.0
882,24.0,Non-binary,Snapchat,85.0,3.0,33.0,20.0,18.0,Happiness,train,False,21.0
883,34.0,Female,Instagram,120.0,5.0,60.0,25.0,25.0,Anger,train,True,30.0
884,22.0,Male,Twitter,70.0,1.0,22.0,7.0,22.0,Neutral,train,False,23.0
885,29.0,Non-binary,Facebook,75.0,2.0,20.0,8.0,20.0,Boredom,train,False,22.0
886,28.0,Female,Whatsapp,100.0,4.0,37.0,14.0,26.0,Anxiety,train,False,30.0
887,31.0,Male,Telegram,85.0,3.0,45.0,20.0,28.0,Sadness,train,False,31.0
888,21.0,Non-binary,Snapchat,60.0,1.0,18.0,7.0,12.0,Neutral,train,False,13.0
889,25.0,Female,Instagram,170.0,6.0,83.0,30.0,33.0,Happiness,train,True,39.0
890,30.0,Male,Twitter,70.0,2.0,30.0,12.0,20.0,Anxiety,train,False,22.0
891,27.0,Non-binary,Facebook,50.0,1.0,10.0,4.0,10.0,Boredom,train,False,11.0
892,32.0,Female,Whatsapp,105.0,4.0,55.0,25.0,25.0,Anger,train,False,29.0
893,24.0,Male,Telegram,75.0,3.0,37.0,16.0,22.0,Neutral,train,False,25.0
894,29.0,Female,Snapchat,95.0,2.0,23.0,10.0,28.0,Sadness,train,False,30.0
895,26.0,Male,Instagram,150.0,5.0,70.0,25.0,30.0,Anxiety,train,True,35.0
896,33.0,Non-binary,Twitter,85.0,4.0,35.0,18.0,18.0,Boredom,train,False,22.0
897,22.0,Female,Facebook,70.0,1.0,14.0,6.0,10.0,Neutral,train,False,11.0
898,35.0,Male,Whatsapp,110.0,3.0,50.0,25.0,25.0,Happiness,train,False,28.0
899,28.0,Non-binary,Telegram,60.0,2.0,18.0,8.0,18.0,Anger,train,False,20.0
900,27.0,Female,Snapchat,120.0,4.0,40.0,18.0,22.0,Neutral,train,False,26.0
901,25.0,Female,Instagram,120.0,5.0,50.0,20.0,25.0,Happiness,train,True,30.0
902,30.0,Male,Twitter,90.0,4.0,30.0,20.0,22.0,Anger,train,False,26.0
903,22.0,Non-binary,Facebook,60.0,2.0,20.0,10.0,15.0,Neutral,train,False,17.0
904,28.0,Female,Instagram,200.0,8.0,110.0,40.0,45.0,Anxiety,train,True,53.0
905,33.0,Male,LinkedIn,45.0,1.0,10.0,5.0,12.0,Boredom,train,False,13.0
906,21.0,Male,Instagram,150.0,5.0,65.0,25.0,30.0,Happiness,train,True,35.0
907,27.0,Female,Twitter,85.0,3.0,40.0,18.0,20.0,Anger,train,False,23.0
908,24.0,Non-binary,Facebook,110.0,6.0,35.0,16.0,25.0,Sadness,train,False,31.0
909,29.0,Female,LinkedIn,55.0,2.0,15.0,5.0,10.0,Neutral,train,False,12.0
910,31.0,Male,Instagram,170.0,7.0,90.0,35.0,40.0,Happiness,train,True,47.0
911,23.0,Female,Twitter,75.0,4.0,45.0,20.0,25.0,Anxiety,train,False,29.0
912,26.0,Non-binary,Facebook,95.0,3.0,30.0,14.0,18.0,Sadness,train,False,21.0
913,34.0,Male,LinkedIn,65.0,1.0,14.0,6.0,15.0,Boredom,train,False,16.0
914,22.0,Female,Instagram,180.0,8.0,100.0,38.0,45.0,Happiness,train,True,53.0
915,28.0,Male,Twitter,100.0,6.0,50.0,30.0,29.0,Anger,train,False,35.0
916,21.0,Non-binary,Facebook,40.0,1.0,10.0,4.0,12.0,Neutral,train,False,13.0
917,35.0,Female,Instagram,125.0,5.0,65.0,22.0,28.0,Anxiety,train,True,33.0
918,27.0,Male,Twitter,90.0,3.0,40.0,16.0,24.0,Sadness,train,False,27.0
919,23.0,Non-binary,LinkedIn,50.0,1.0,12.0,6.0,12.0,Neutral,train,False,13.0
920,32.0,Female,Instagram,140.0,6.0,75.0,28.0,30.0,Happiness,train,True,36.0
921,26.0,Male,Facebook,75.0,2.0,30.0,14.0,20.0,Anxiety,train,False,22.0
922,24.0,Female,Twitter,105.0,4.0,35.0,20.0,23.0,Anger,train,False,27.0
923,29.0,Male,LinkedIn,60.0,2.0,17.0,8.0,15.0,Boredom,train,False,17.0
924,33.0,Non-binary,Instagram,190.0,8.0,105.0,36.0,50.0,Happiness,train,True,58.0
925,22.0,Female,Twitter,70.0,3.0,25.0,16.0,15.0,Sadness,train,False,18.0
926,31.0,Male,Facebook,80.0,2.0,20.0,10.0,20.0,Neutral,train,False,22.0
927,27.0,Non-binary,LinkedIn,55.0,1.0,12.0,5.0,11.0,Anxiety,train,False,12.0
928,25.0,Female,Instagram,160.0,6.0,85.0,26.0,30.0,Happiness,train,True,36.0
929,30.0,Male,Twitter,90.0,4.0,43.0,19.0,24.0,Anger,train,False,28.0
930,26.0,Non-binary,Facebook,45.0,1.0,8.0,4.0,12.0,Sadness,train,False,13.0
931,34.0,Female,LinkedIn,65.0,2.0,17.0,5.0,14.0,Boredom,train,False,16.0
932,28.0,Male,Instagram,145.0,7.0,80.0,30.0,35.0,Happiness,train,True,42.0
933,23.0,Non-binary,Twitter,70.0,3.0,30.0,14.0,18.0,Neutral,train,False,21.0
934,21.0,Female,Instagram,130.0,6.0,95.0,22.0,28.0,Sadness,train,True,34.0
935,29.0,Male,Facebook,65.0,2.0,27.0,11.0,22.0,Anxiety,train,False,24.0
936,24.0,Non-binary,LinkedIn,55.0,1.0,11.0,6.0,11.0,Boredom,train,False,12.0
937,33.0,Female,Instagram,170.0,7.0,95.0,30.0,38.0,Happiness,train,True,45.0
938,27.0,Male,Twitter,85.0,4.0,45.0,18.0,24.0,Anger,train,False,28.0
939,22.0,Female,Instagram,115.0,3.0,60.0,17.0,30.0,Neutral,train,True,33.0
940,28.0,Non-binary,Facebook,100.0,2.0,22.0,12.0,25.0,Anxiety,train,False,27.0
941,31.0,Male,LinkedIn,45.0,1.0,9.0,4.0,10.0,Sadness,train,False,11.0
942,25.0,Female,Instagram,150.0,6.0,90.0,26.0,30.0,Happiness,train,True,36.0
943,29.0,Male,Twitter,95.0,4.0,50.0,22.0,22.0,Anger,train,False,26.0
944,23.0,Non-binary,Facebook,105.0,2.0,25.0,12.0,18.0,Neutral,train,False,20.0
945,35.0,Female,LinkedIn,60.0,1.0,15.0,7.0,14.0,Boredom,train,False,15.0
946,30.0,Male,Instagram,175.0,7.0,100.0,33.0,38.0,Happiness,train,True,45.0
947,21.0,Female,Twitter,90.0,3.0,37.0,14.0,20.0,Sadness,train,False,23.0
948,26.0,Non-binary,Facebook,75.0,2.0,30.0,12.0,18.0,Anxiety,train,False,20.0
949,32.0,Male,Instagram,130.0,5.0,80.0,28.0,31.0,Neutral,train,True,36.0
950,28.0,Female,LinkedIn,55.0,1.0,12.0,6.0,10.0,Boredom,train,False,11.0
951,27.0,Male,Instagram,165.0,6.0,85.0,30.0,28.0,Happiness,train,True,34.0
952,24.0,Female,Twitter,75.0,3.0,33.0,18.0,19.0,Anger,train,False,22.0
953,29.0,Non-binary,Facebook,85.0,2.0,27.0,9.0,20.0,Neutral,train,False,22.0
954,33.0,Female,Instagram,145.0,4.0,65.0,23.0,35.0,Sadness,train,True,39.0
955,31.0,Male,LinkedIn,60.0,1.0,15.0,7.0,17.0,Anxiety,train,False,18.0
956,22.0,Female,Whatsapp,70.0,2.0,42.0,10.0,21.0,Anxiety,train,False,23.0
957,25.0,Male,Telegram,90.0,3.0,22.0,11.0,22.0,Boredom,train,False,25.0
958,29.0,Non-binary,Snapchat,50.0,2.0,18.0,7.0,18.0,Sadness,train,False,20.0
959,28.0,Female,Twitter,95.0,4.0,48.0,22.0,25.0,Happiness,train,False,29.0
960,27.0,Male,Facebook,60.0,1.0,12.0,5.0,15.0,Boredom,train,False,16.0
961,30.0,Female,Instagram,175.0,6.0,72.0,30.0,33.0,Happiness,train,True,39.0
962,23.0,Male,Whatsapp,70.0,3.0,22.0,10.0,18.0,Anger,train,False,21.0
963,34.0,Non-binary,Telegram,80.0,2.0,21.0,8.0,20.0,Neutral,train,False,22.0
964,26.0,Female,Snapchat,120.0,4.0,55.0,18.0,30.0,Anxiety,train,False,34.0
965,25.0,Male,Twitter,90.0,6.0,42.0,14.0,26.0,Sadness,train,False,32.0
966,29.0,Non-binary,Facebook,60.0,1.0,12.0,4.0,12.0,Boredom,train,False,13.0
967,28.0,Male,Instagram,165.0,5.0,78.0,23.0,35.0,Happiness,train,True,40.0
968,31.0,Female,Whatsapp,65.0,2.0,27.0,10.0,20.0,Neutral,train,False,22.0
969,27.0,Male,Telegram,105.0,3.0,48.0,20.0,28.0,Anxiety,train,False,31.0
970,22.0,Non-binary,Snapchat,75.0,2.0,21.0,8.0,20.0,Sadness,train,False,22.0
971,24.0,Female,Instagram,140.0,4.0,65.0,22.0,30.0,Happiness,train,True,34.0
972,35.0,Male,Twitter,70.0,1.0,13.0,8.0,10.0,Boredom,train,False,11.0
973,21.0,Non-binary,Facebook,55.0,3.0,17.0,7.0,12.0,Neutral,train,False,15.0
974,29.0,Female,Whatsapp,90.0,2.0,24.0,12.0,22.0,Anger,train,False,24.0
975,25.0,Male,Telegram,80.0,4.0,30.0,13.0,25.0,Neutral,train,False,29.0
976,28.0,Non-binary,Snapchat,115.0,3.0,38.0,18.0,27.0,Anxiety,train,False,30.0
977,32.0,Female,Instagram,155.0,6.0,75.0,25.0,38.0,Happiness,train,True,44.0
978,26.0,Male,Twitter,75.0,2.0,23.0,12.0,18.0,Sadness,train,False,20.0
979,33.0,Non-binary,Facebook,65.0,1.0,13.0,7.0,14.0,Anxiety,train,False,15.0
980,27.0,Female,Whatsapp,90.0,4.0,37.0,18.0,20.0,Neutral,train,False,24.0
981,31.0,Male,Telegram,50.0,2.0,20.0,10.0,12.0,Sadness,train,False,14.0
982,24.0,Non-binary,Snapchat,85.0,3.0,33.0,20.0,18.0,Happiness,train,False,21.0
983,34.0,Female,Instagram,120.0,5.0,60.0,25.0,25.0,Anger,train,True,30.0
984,22.0,Male,Twitter,70.0,1.0,22.0,7.0,22.0,Neutral,train,False,23.0
985,29.0,Non-binary,Facebook,75.0,2.0,20.0,8.0,20.0,Boredom,train,False,22.0
986,28.0,Female,Whatsapp,100.0,4.0,37.0,14.0,26.0,Anxiety,train,False,30.0
987,31.0,Male,Telegram,85.0,3.0,45.0,20.0,28.0,Sadness,train,False,31.0
988,21.0,Non-binary,Snapchat,60.0,1.0,18.0,7.0,12.0,Neutral,train,False,13.0
989,25.0,Female,Instagram,170.0,6.0,83.0,30.0,33.0,Happiness,train,True,39.0
990,30.0,Male,Twitter,70.0,2.0,30.0,12.0,20.0,Anxiety,train,False,22.0
991,27.0,Non-binary,Facebook,50.0,1.0,10.0,4.0,10.0,Boredom,train,False,11.0
992,32.0,Female,Whatsapp,105.0,4.0,55.0,25.0,25.0,Anger,train,False,29.0
993,24.0,Male,Telegram,75.0,3.0,37.0,16.0,22.0,Neutral,train,False,25.0
994,29.0,Female,Snapchat,95.0,2.0,23.0,10.0,28.0,Sadness,train,False,30.0
995,26.0,Male,Instagram,150.0,5.0,70.0,25.0,30.0,Anxiety,train,True,35.0
996,33.0,Non-binary,Twitter,85.0,4.0,35.0,18.0,18.0,Boredom,train,False,22.0
997,22.0,Female,Facebook,70.0,1.0,14.0,6.0,10.0,Neutral,train,False,11.0
998,35.0,Male,Whatsapp,110.0,3.0,50.0,25.0,25.0,Happiness,train,False,28.0
999,28.0,Non-binary,Telegram,60.0,2.0,18.0,8.0,18.0,Anger,train,False,20.0
1000,27.0,Female,Snapchat,120.0,4.0,40.0,18.0,22.0,Neutral,train,False,26.0
10,31.0,Male,Instagram,170.0,5.0,80.0,20.0,35.0,Happiness,val,True,40.0
877,32.0,Female,Instagram,155.0,6.0,75.0,25.0,38.0,Happiness,val,True,44.0
230,26.0,Non-binary,Facebook,45.0,1.0,8.0,4.0,12.0,Sadness,val,False,13.0
876,28.0,Non-binary,Snapchat,115.0,3.0,38.0,18.0,27.0,Anxiety,val,False,30.0
376,28.0,Non-binary,Snapchat,115.0,3.0,38.0,18.0,27.0,Anxiety,val,False,30.0
676,28.0,Non-binary,Snapchat,115.0,3.0,38.0,18.0,27.0,Anxiety,val,False,30.0
872,35.0,Male,Twitter,70.0,1.0,13.0,8.0,10.0,Boredom,val,False,11.0
28,25.0,Female,Instagram,160.0,6.0,85.0,19.0,32.0,Happiness,val,True,38.0
100,27.0,Female,Snapchat,120.0,4.0,38.0,13.0,22.0,Neutral,val,False,26.0
381,31.0,Male,Telegram,50.0,2.0,20.0,10.0,12.0,Sadness,val,False,14.0
465,25.0,Male,Twitter,90.0,6.0,42.0,14.0,26.0,Sadness,val,False,32.0
371,24.0,Female,Instagram,140.0,4.0,65.0,22.0,30.0,Happiness,val,True,34.0
54,33.0,Female,Instagram,145.0,4.0,60.0,18.0,35.0,Sadness,val,True,39.0
23,29.0,Male,LinkedIn,60.0,2.0,11.0,5.0,17.0,Boredom,val,False,19.0
754,33.0,Female,Instagram,145.0,4.0,65.0,23.0,35.0,Sadness,val,True,39.0
592,32.0,Female,Whatsapp,105.0,4.0,55.0,25.0,25.0,Anger,val,False,29.0
159,28.0,Female,Twitter,95.0,4.0,48.0,22.0,25.0,Happiness,val,False,29.0
388,21.0,Non-binary,Snapchat,60.0,1.0,18.0,7.0,12.0,Neutral,val,False,13.0
128,25.0,Female,Instagram,160.0,6.0,85.0,26.0,30.0,Happiness,val,True,36.0
826,31.0,Male,Facebook,80.0,2.0,20.0,10.0,20.0,Neutral,val,False,22.0
495,26.0,Male,Instagram,150.0,5.0,70.0,25.0,30.0,Anxiety,val,True,35.0
211,23.0,Female,Twitter,75.0,4.0,45.0,20.0,25.0,Anxiety,val,False,29.0
5,33.0,Male,LinkedIn,45.0,1.0,5.0,2.0,10.0,Boredom,val,False,11.0
115,28.0,Male,Twitter,100.0,6.0,50.0,30.0,29.0,Anger,val,False,35.0
750,27.0,Female,Instagram,165.0,6.0,85.0,30.0,28.0,Happiness,val,True,34.0
185,29.0,Non-binary,Facebook,75.0,2.0,20.0,8.0,20.0,Boredom,val,False,22.0
810,31.0,Male,Instagram,170.0,7.0,90.0,35.0,40.0,Happiness,val,True,47.0
160,27.0,Male,Facebook,60.0,1.0,12.0,5.0,15.0,Boredom,val,False,16.0
978,26.0,Male,Twitter,75.0,2.0,23.0,12.0,18.0,Sadness,val,False,20.0
745,35.0,Male,LinkedIn,60.0,1.0,15.0,5.0,14.0,Boredom,val,False,15.0
896,33.0,Non-binary,Twitter,85.0,4.0,35.0,18.0,18.0,Boredom,val,False,22.0
611,26.0,Non-binary,Facebook,95.0,3.0,20.0,9.0,21.0,Anxiety,val,False,24.0
416,21.0,Non-binary,Facebook,40.0,1.0,10.0,4.0,22.0,Neutral,val,False,23.0
763,34.0,Non-binary,Telegram,80.0,3.0,21.0,7.0,20.0,Neutral,val,False,23.0
200,27.0,Female,Snapchat,120.0,4.0,40.0,18.0,22.0,Neutral,val,False,26.0
733,24.0,Non-binary,Instagram,130.0,6.0,90.0,22.0,35.0,Happiness,val,True,41.0
778,26.0,Female,Twitter,75.0,2.0,23.0,18.0,20.0,Sadness,val,False,22.0
541,32.0,Female,Snapchat,45.0,1.0,7.0,5.0,17.0,Sadness,val,False,18.0
909,29.0,Female,LinkedIn,55.0,2.0,15.0,5.0,12.0,Neutral,val,False,14.0
633,22.0,Female,Instagram,130.0,6.0,88.0,25.0,40.0,Sadness,val,True,46.0
424,33.0,Non-binary,Instagram,190.0,8.0,105.0,26.0,45.0,Happiness,val,True,53.0
463,34.0,Non-binary,Telegram,80.0,2.0,21.0,8.0,20.0,Neutral,val,False,22.0
64,26.0,Female,Whatsapp,120.0,4.0,60.0,19.0,30.0,Anxiety,val,False,34.0
466,22.0,Female,Instagram,150.0,5.0,60.0,21.0,32.0,Happiness,val,True,37.0
20,32.0,Female,Instagram,130.0,4.0,55.0,21.0,13.0,Happiness,val,True,17.0
719,23.0,Non-binary,LinkedIn,50.0,1.0,12.0,6.0,12.0,Neutral,val,False,13.0
370,22.0,Non-binary,Snapchat,55.0,2.0,21.0,7.0,15.0,Sadness,val,False,17.0
911,23.0,Female,LinkedIn,85.0,2.0,27.0,10.0,28.0,Sadness,val,False,30.0
429,28.0,Male,Instagram,190.0,5.0,49.0,12.0,15.0,Boredom,val,True,20.0
142,25.0,Female,Snapchat,40.0,2.0,20.0,7.0,15.0,Anxiety,val,False,17.0
733,23.0,Non-binary,Twitter,105.0,3.0,21.0,15.0,14.0,Neutral,val,False,17.0
612,25.0,Female,Snapchat,110.0,5.0,35.0,21.0,34.0,Sadness,val,False,39.0
185,29.0,Non-binary,Facebook,65.0,2.0,27.0,11.0,22.0,Anxiety,val,False,24.0
771,24.0,Female,Instagram,140.0,6.0,50.0,21.0,29.0,Agression,val,True,35.0
30,26.0,Non-binary,Snapchat,90.0,2.0,29.0,18.0,22.0,Sadness,val,False,24.0
913,34.0,Male,LinkedIn,85.0,1.0,43.0,12.0,30.0,Boredom,val,False,31.0
129,26.0,Non-binary,Instagram,110.0,5.0,32.0,12.0,23.0,Neutral,val,True,28.0
241,25.0,Female,Twitter,150.0,6.0,90.0,26.0,30.0,Happiness,val,False,36.0
865,24.0,Non-binary,Whatsapp,70.0,4.0,48.0,13.0,20.0,Anxiety,val,False,24.0
511,23.0,Female,Snapchat,40.0,4.0,25.0,12.0,28.0,Sadness,val,False,32.0
631,24.0,Non-binary,Facebook,50.0,1.0,11.0,10.0,18.0,Boredom,val,False,19.0
810,31.0,Male,Instagram,52.0,5.0,60.0,20.0,30.0,Happiness,val,True,35.0
675,24.0,Female,LinkedIn,140.0,2.0,20.0,7.0,23.0,Anger,val,False,25.0
463,34.0,Non-binary,Instagram,60.0,4.0,23.0,14.0,30.0,Happiness,val,True,34.0
69,27.0,Male,Telegram,105.0,3.0,45.0,15.0,28.0,Anxiety,val,False,31.0
321,26.0,Male,Facebook,75.0,2.0,30.0,14.0,20.0,Anxiety,val,False,22.0
343,29.0,Male,Twitter,95.0,4.0,50.0,22.0,22.0,Anger,val,False,26.0
141,31.0,Male,LinkedIn,45.0,1.0,9.0,4.0,10.0,Sadness,val,False,11.0
119,23.0,Non-binary,LinkedIn,50.0,1.0,12.0,6.0,12.0,Neutral,val,False,13.0
303,22.0,Non-binary,Facebook,60.0,2.0,20.0,10.0,15.0,Neutral,val,False,17.0
419,23.0,Non-binary,LinkedIn,50.0,1.0,12.0,6.0,12.0,Neutral,val,False,13.0
508,24.0,Non-binary,Facebook,110.0,6.0,35.0,16.0,25.0,Sadness,val,False,31.0
233,23.0,Non-binary,Twitter,70.0,3.0,30.0,14.0,18.0,Neutral,val,False,21.0
803,22.0,Non-binary,Facebook,60.0,2.0,20.0,10.0,15.0,Neutral,val,False,17.0
372,35.0,Male,Twitter,70.0,1.0,13.0,8.0,10.0,Boredom,val,False,11.0
832,28.0,Male,Instagram,145.0,7.0,80.0,30.0,35.0,Happiness,val,True,42.0
346,33.0,Non-binary,Instagram,190.0,8.0,105.0,36.0,50.0,Happiness,val,True,58.0
514,22.0,Female,Instagram,180.0,8.0,100.0,38.0,45.0,Happiness,val,True,53.0
715,28.0,Male,Twitter,100.0,6.0,50.0,30.0,29.0,Anger,val,False,35.0
337,33.0,Female,Instagram,170.0,7.0,95.0,30.0,38.0,Happiness,val,True,45.0
917,35.0,Female,Instagram,125.0,5.0,65.0,22.0,28.0,Anxiety,val,True,33.0
641,31.0,Male,Instagram,150.0,6.0,90.0,26.0,30.0,Happiness,val,True,36.0
504,28.0,Female,Instagram,200.0,8.0,110.0,40.0,45.0,Anxiety,val,True,53.0
473,21.0,Non-binary,Facebook,55.0,3.0,17.0,7.0,12.0,Neutral,val,False,15.0
986,31.0,Male,Telegram,85.0,3.0,45.0,20.0,28.0,Sadness,val,False,31.0
191,31.0,Female,Whatsapp,105.0,4.0,55.0,25.0,25.0,Anger,val,False,29.0
401,25.0,Female,Instagram,120.0,5.0,50.0,20.0,25.0,Happiness,val,True,30.0
481,31.0,Male,Telegram,50.0,2.0,20.0,10.0,12.0,Sadness,val,False,14.0
472,26.0,Male,Facebook,75.0,2.0,30.0,14.0,20.0,Anxiety,val,False,22.0
907,24.0,Non-binary,Facebook,110.0,6.0,35.0,16.0,25.0,Sadness,val,False,31.0
240,28.0,Non-binary,Facebook,100.0,2.0,22.0,12.0,25.0,Anxiety,val,False,27.0
985,29.0,Non-binary,Facebook,75.0,2.0,20.0,8.0,20.0,Boredom,val,False,22.0
812,26.0,Non-binary,Facebook,95.0,3.0,30.0,14.0,18.0,Sadness,val,False,21.0
579,33.0,Non-binary,Facebook,65.0,1.0,13.0,7.0,14.0,Anxiety,val,False,15.0
227,27.0,Non-binary,LinkedIn,55.0,1.0,9.0,2.0,11.0,Anxiety,val,False,12.0
973,21.0,Non-binary,Facebook,55.0,3.0,17.0,7.0,12.0,Neutral,val,False,15.0
847,21.0,Female,Twitter,90.0,3.0,37.0,14.0,20.0,Sadness,val,False,23.0
623,29.0,Male,LinkedIn,60.0,2.0,17.0,8.0,15.0,Boredom,val,False,17.0
776,28.0,Non-binary,Snapchat,115.0,3.0,38.0,18.0,27.0,Anxiety,val,False,30.0
721,26.0,Male,Facebook,75.0,2.0,30.0,14.0,20.0,Anxiety,val,False,22.0
429,28.0,Female,Instagram,190.0,7.0,80.0,30.0,35.0,Happiness,val,True,42.0
222,24.0,Female,Twitter,105.0,4.0,28.0,14.0,20.0,Anger,val,False,24.0
509,29.0,Female,LinkedIn,55.0,2.0,15.0,5.0,10.0,Neutral,val,False,12.0
476,28.0,Non-binary,Snapchat,115.0,3.0,38.0,18.0,27.0,Anxiety,val,False,30.0
293,24.0,Male,Telegram,75.0,3.0,33.0,13.0,22.0,Neutral,val,False,25.0
248,26.0,Non-binary,Facebook,75.0,2.0,30.0,12.0,18.0,Anxiety,val,False,20.0
347,21.0,Non-binary,Facebook,45.0,1.0,10.0,4.0,12.0,Neutral,val,False,13.0
718,27.0,Male,Twitter,90.0,3.0,40.0,16.0,24.0,Sadness,val,False,27.0
297,22.0,Female,Facebook,70.0,1.0,14.0,6.0,10.0,Neutral,val,False,11.0
352,24.0,Female,Twitter,75.0,3.0,33.0,12.0,26.0,Anger,val,False,29.0
942,25.0,Female,Instagram,200.0,8.0,110.0,40.0,45.0,Anxiety,val,True,53.0
816,21.0,Non-binary,Facebook,40.0,1.0,10.0,4.0,12.0,Neutral,val,False,13.0
427,27.0,Non-binary,LinkedIn,55.0,1.0,12.0,5.0,11.0,Anxiety,val,False,12.0
103,22.0,Non-binary,Facebook,60.0,2.0,20.0,10.0,15.0,Neutral,val,False,17.0
512,28.0,Non-binary,Snapchat,55.0,2.0,30.0,11.0,12.0,Anxiety,val,False,14.0
963,34.0,Non-binary,Instagram,145.0,8.0,90.0,20.0,25.0,Happiness,val,True,33.0
391,27.0,Non-binary,Facebook,50.0,1.0,10.0,4.0,10.0,Boredom,val,False,11.0
882,24.0,Non-binary,Snapchat,85.0,3.0,33.0,20.0,18.0,Happiness,val,False,21.0
88,25.0,Non-binary,Instagram,170.0,8.0,60.0,16.0,28.0,Happiness,val,True,36.0
714,27.0,Female,Facebook,80.0,3.0,50.0,13.0,22.0,Sadness,val,False,25.0
277,27.0,Non-binary,LinkedIn,55.0,1.0,9.0,2.0,11.0,Anxiety,val,False,12.0
830,26.0,Non-binary,Facebook,45.0,1.0,8.0,4.0,12.0,Sadness,val,False,13.0
109,29.0,Female,LinkedIn,55.0,2.0,15.0,5.0,10.0,Neutral,val,False,12.0
99,21.0,Female,Facebook,75.0,2.0,25.0,13.0,19.0,Anxiety,val,False,21.0
493,24.0,Female,Instagram,200.0,6.0,100.0,18.0,39.0,Neutral,val,True,45.0
500,27.0,Female,Snapchat,120.0,4.0,40.0,18.0,22.0,Neutral,test,False,26.0
488,21.0,Non-binary,Snapchat,60.0,1.0,18.0,7.0,12.0,Neutral,test,False,13.0
776,28.0,Non-binary,Snapchat,115.0,3.0,38.0,18.0,27.0,Anxiety,test,False,30.0
869,27.0,Male,Telegram,105.0,3.0,48.0,20.0,28.0,Anxiety,test,False,31.0
573,21.0,Non-binary,Facebook,55.0,3.0,17.0,7.0,12.0,Neutral,test,False,15.0
428,25.0,Female,Instagram,160.0,6.0,85.0,26.0,30.0,Happiness,test,True,36.0
528,25.0,Female,Instagram,160.0,6.0,85.0,26.0,30.0,Happiness,test,True,36.0
773,21.0,Non-binary,Facebook,55.0,3.0,17.0,7.0,12.0,Neutral,test,False,15.0
382,24.0,Non-binary,Snapchat,85.0,3.0,33.0,20.0,18.0,Happiness,test,False,21.0
505,33.0,Male,LinkedIn,45.0,1.0,10.0,5.0,12.0,Boredom,test,False,13.0
20,32.0,Female,Instagram,140.0,5.0,70.0,22.0,33.0,Happiness,test,True,38.0
444,23.0,Non-binary,Facebook,105.0,2.0,25.0,12.0,18.0,Neutral,test,False,20.0
720,32.0,Female,Instagram,140.0,6.0,75.0,28.0,30.0,Happiness,test,True,36.0
328,25.0,Female,Instagram,160.0,6.0,85.0,26.0,30.0,Happiness,test,True,36.0
372,35.0,Male,Twitter,70.0,1.0,13.0,8.0,10.0,Boredom,test,False,11.0
555,31.0,Male,LinkedIn,60.0,1.0,15.0,7.0,17.0,Anxiety,test,False,18.0
181,31.0,Male,Telegram,50.0,2.0,20.0,10.0,12.0,Sadness,test,False,14.0
413,34.0,Male,LinkedIn,65.0,1.0,14.0,6.0,15.0,Boredom,test,False,16.0
132,28.0,Male,Instagram,145.0,5.0,75.0,20.0,35.0,Happiness,test,True,40.0
743,29.0,Male,Twitter,95.0,4.0,50.0,22.0,22.0,Anger,test,False,26.0
526,31.0,Male,Facebook,80.0,2.0,20.0,10.0,20.0,Neutral,test,False,22.0
962,23.0,Male,Whatsapp,70.0,3.0,22.0,10.0,18.0,Anger,test,False,21.0
497,22.0,Female,Facebook,70.0,1.0,14.0,6.0,10.0,Neutral,test,False,11.0
275,25.0,Male,Telegram,80.0,4.0,30.0,13.0,25.0,Neutral,test,False,29.0
836,24.0,Non-binary,LinkedIn,55.0,1.0,11.0,6.0,11.0,Boredom,test,False,12.0
35,29.0,Male,Facebook,65.0,2.0,22.0,8.0,20.0,Anxiety,test,False,22.0
760,27.0,Male,Facebook,60.0,1.0,12.0,5.0,15.0,Boredom,test,False,16.0
700,27.0,Female,Snapchat,120.0,4.0,40.0,18.0,22.0,Neutral,test,False,26.0
58,29.0,Non-binary,Snapchat,50.0,2.0,15.0,5.0,18.0,Sadness,test,False,20.0
481,31.0,Male,Telegram,50.0,2.0,20.0,10.0,12.0,Sadness,test,False,14.0
847,21.0,Female,Twitter,90.0,3.0,37.0,14.0,20.0,Sadness,test,False,23.0
850,28.0,Female,LinkedIn,55.0,1.0,12.0,6.0,10.0,Boredom,test,False,11.0
487,31.0,Male,Telegram,85.0,3.0,45.0,20.0,28.0,Sadness,test,False,31.0
820,32.0,Female,Instagram,140.0,6.0,75.0,28.0,30.0,Happiness,test,True,36.0
932,28.0,Male,Instagram,145.0,7.0,80.0,30.0,35.0,Happiness,test,True,42.0
599,28.0,Non-binary,Telegram,60.0,2.0,18.0,8.0,18.0,Anger,test,False,20.0
627,27.0,Non-binary,LinkedIn,55.0,1.0,12.0,5.0,11.0,Anxiety,test,False,12.0
212,26.0,Non-binary,Facebook,95.0,3.0,30.0,14.0,18.0,Sadness,test,False,21.0
872,35.0,Male,Twitter,70.0,1.0,13.0,8.0,10.0,Boredom,test,False,11.0
155,31.0,Male,LinkedIn,60.0,1.0,15.0,7.0,17.0,Anxiety,test,False,18.0
830,26.0,Non-binary,Facebook,45.0,1.0,8.0,4.0,12.0,Sadness,test,False,13.0
174,29.0,Female,Whatsapp,90.0,2.0,24.0,12.0,22.0,Anger,test,False,24.0
119,23.0,Non-binary,LinkedIn,50.0,1.0,12.0,6.0,12.0,Neutral,test,False,13.0
490,30.0,Male,Twitter,70.0,2.0,30.0,12.0,20.0,Anxiety,test,False,22.0
594,29.0,Female,Snapchat,95.0,2.0,23.0,10.0,28.0,Sadness,test,False,30.0
713,34.0,Male,LinkedIn,65.0,1.0,14.0,6.0,15.0,Boredom,test,False,16.0
801,25.0,Female,Instagram,120.0,5.0,50.0,20.0,25.0,Happiness,test,True,30.0
319,23.0,Non-binary,LinkedIn,50.0,1.0,12.0,6.0,12.0,Neutral,test,False,13.0
783,34.0,Female,Instagram,120.0,5.0,60.0,25.0,25.0,Anger,test,True,30.0
376,28.0,Non-binary,Snapchat,115.0,3.0,38.0,18.0,27.0,Anxiety,test,False,30.0
562,23.0,Male,Whatsapp,70.0,3.0,22.0,10.0,18.0,Anger,test,False,21.0
693,24.0,Male,Telegram,75.0,3.0,37.0,16.0,22.0,Neutral,test,False,25.0
76,28.0,Male,Twitter,90.0,4.0,48.0,22.0,25.0,Anxiety,test,False,29.0
169,27.0,Male,Telegram,105.0,3.0,45.0,15.0,28.0,Anxiety,test,False,31.0
900,27.0,Female,Snapchat,120.0,4.0,40.0,18.0,22.0,Neutral,test,False,26.0
986,28.0,Female,Whatsapp,100.0,4.0,37.0,14.0,26.0,Anxiety,test,False,30.0
807,27.0,Female,Twitter,85.0,3.0,40.0,18.0,20.0,Anger,test,False,23.0
275,25.0,Male,Telegram,80.0,4.0,28.0,11.0,25.0,Neutral,test,False,29.0
815,28.0,Male,Twitter,100.0,6.0,50.0,30.0,29.0,Anger,test,False,35.0
227,27.0,Non-binary,LinkedIn,55.0,1.0,9.0,2.0,11.0,Anxiety,test,False,12.0
60,27.0,Male,Facebook,60.0,1.0,10.0,4.0,15.0,Boredom,test,False,16.0
866,29.0,Non-binary,Facebook,60.0,1.0,12.0,4.0,12.0,Boredom,test,False,13.0
944,23.0,Non-binary,Facebook,105.0,2.0,25.0,12.0,18.0,Neutral,test,False,20.0
711,23.0,Female,Twitter,75.0,4.0,45.0,20.0,25.0,Anxiety,test,False,29.0
211,23.0,Female,Twitter,75.0,4.0,45.0,20.0,25.0,Anxiety,test,False,29.0
33,23.0,Non-binary,Twitter,70.0,3.0,27.0,11.0,18.0,Neutral,test,False,21.0
348,26.0,Non-binary,Facebook,75.0,2.0,30.0,12.0,18.0,Anxiety,test,False,20.0
846,30.0,Male,Instagram,175.0,7.0,100.0,33.0,38.0,Happiness,test,True,45.0
672,35.0,Male,Twitter,70.0,1.0,13.0,8.0,10.0,Boredom,test,False,11.0
223,29.0,Male,LinkedIn,60.0,2.0,15.0,5.0,10.0,Neutral,test,False,12.0
926,31.0,Male,Facebook,80.0,2.0,20.0,10.0,20.0,Neutral,test,False,22.0
81,31.0,Male,Telegram,50.0,2.0,18.0,6.0,10.0,Boredom,test,False,12.0
997,22.0,Female,Facebook,70.0,1.0,14.0,6.0,10.0,Neutral,test,False,11.0
561,31.0,Male,Instagram,175.0,6.0,72.0,30.0,33.0,Happiness,test,True,39.0
48,26.0,Non-binary,Facebook,75.0,2.0,28.0,11.0,18.0,Anxiety,test,False,20.0
849,32.0,Marie,Instagram,130.0,5.0,80.0,28.0,31.0,Neutral,test,True,36.0
621,26.0,Male,Facebook,75.0,2.0,30.0,14.0,20.0,Anxiety,test,False,22.0
261,29.0,Female,Snapchat,90.0,3.0,22.0,10.0,21.0,Sadness,test,False,24.0
16,21.0,Non-binary,Facebook,40.0,1.0,5.0,2.0,10.0,Neutral,test,False,11.0
170,22.0,Non-binary,Snapchat,75.0,2.0,21.0,8.0,20.0,Sadness,test,False,22.0
653,29.0,Non-binary,Facebook,85.0,2.0,27.0,9.0,20.0,Neutral,test,False,22.0
422,24.0,Female,Twitter,105.0,4.0,35.0,20.0,23.0,Anger,test,False,27.0
378,26.0,Male,Twitter,75.0,2.0,23.0,12.0,18.0,Sadness,test,False,20.0
304,28.0,Female,Instagram,200.0,8.0,110.0,40.0,45.0,Anxiety,test,True,53.0
149,32.0,Male,Instagram,130.0,5.0,70.0,19.0,31.0,Neutral,test,True,36.0
290,30.0,Male,Twitter,70.0,2.0,28.0,10.0,20.0,Anxiety,test,False,22.0
759,28.0,Female,Twitter,95.0,4.0,48.0,22.0,25.0,Happiness,test,False,29.0
205,33.0,Male,LinkedIn,45.0,1.0,10.0,5.0,12.0,Boredom,test,False,13.0
719,23.0,Non-binary,LinkedIn,50.0,1.0,12.0,6.0,12.0,Neutral,test,False,13.0
666,29.0,Non-binary,Facebook,60.0,1.0,12.0,4.0,12.0,Boredom,test,False,13.0
476,28.0,Non-binary,Snapchat,115.0,3.0,38.0,18.0,26.0,Anxiety,test,False,29.0
278,26.0,Male,Twitter,75.0,2.0,23.0,12.0,18.0,Sadness,test,False,20.0
821,26.0,Male,Facebook,75.0,2.0,30.0,14.0,20.0,Anxiety,test,False,22.0
418,27.0,Male,Twitter,90.0,3.0,40.0,16.0,24.0,Sadness,test,False,27.0
184,22.0,Male,Twitter,70.0,1.0,20.0,5.0,22.0,Neutral,test,False,23.0
896,33.0,Male,LinkedIn,85.0,4.0,35.0,18.0,18.0,Boredom,test,False,22.0
708,24.0,Non-binary,Facebook,110.0,6.0,35.0,23.0,25.0,Sadness,test,False,31.0
993,24.0,Male,Telegram,75.0,3.0,37.0,16.0,22.0,Neutral,test,False,25.0
